Store,Dates,Temperature,Fuel_Price,MarkDown1,MarkDown2,MarkDown3,MarkDown4,MarkDown5,CPI,Unemployment,IsHoliday
3,1/06/2012,52.42,3.157,3824.22,9389.98,15,415.36,1476.85,223.1923049,6.833,FALSE
4,1/06/2012,38.64,3.158,7857.71,38677.72,234,863.22,8682.95,130.1575161,4.607,FALSE
5,1/06/2012,50.21,3.157,4602.39,6733.6,35.03,621.64,3507.24,220.2969205,5.943,FALSE
6,1/06/2012,50.82,3.157,3220.17,32056.43,108.24,985.76,6650.63,221.3088023,6.132,FALSE
7,1/06/2012,18.67,3.095,2373.44,11519.36,7.26,162.72,4504.47,196.5458309,8.256,FALSE
8,1/06/2012,43.47,3.157,3093.39,26001.46,96.35,500.91,4468.63,223.2409668,5.825,FALSE
9,1/06/2012,47.54,3.157,3597.08,6203.76,11.2,3743.55,1912.75,223.4332408,5.667,FALSE
10,1/06/2012,59.85,3.443,7737.75,38456.09,39.72,305.2,5408.08,130.1575161,7.545,FALSE
11,1/06/2012,54.44,3.157,5107.29,32305.3,144.66,530.55,6004.19,223.1923049,6.833,FALSE
12,1/06/2012,50.43,3.599,11181.59,33829.84,36.96,624.05,10152.27,130.1575161,12.187,FALSE
13,1/06/2012,33.8,3.08,6809.96,37106.52,179.77,1922.55,7481.58,130.1575161,6.104,FALSE
14,1/06/2012,35.88,3.422,10428.95,39234.09,839.74,981.17,15911.56,189.1940558,8.424,FALSE
15,1/06/2012,30.24,3.585,5597.99,17413.82,18.8,646.2,3098.77,136.698129,7.943,FALSE
16,1/06/2012,26.49,3.095,443.59,5524.49,15.7,35.25,3296.96,196.5458309,6.162,FALSE
17,1/06/2012,27.64,3.08,5185.45,12090.5,33.9,1490.06,4832.68,130.1575161,6.403,FALSE
18,1/06/2012,31.27,3.439,6196.77,43731.43,128.45,1653.17,8527.2,136.698129,8.075,FALSE
19,1/06/2012,31.84,3.585,9970.68,26073.98,233.88,1552.93,10335.05,136.698129,7.943,FALSE
20,1/06/2012,33.42,3.422,9273.46,45971.43,207.6,1365.38,5460.86,212.5711125,6.961,FALSE
21,1/06/2012,48.1,3.157,2211.62,28369.34,7.74,753.62,3371.85,219.355063,7.057,FALSE
22,1/06/2012,34.61,3.439,5803.25,34453.8,22.94,1777.64,8239.01,140.6461359,7.503,FALSE
23,1/06/2012,24.29,3.439,4230.07,34854.95,38.18,2408.34,3931.61,136.698129,4.261,FALSE
24,1/06/2012,32.86,3.585,7325.68,25367.9,203.51,1745.2,3261.35,136.698129,8.659,FALSE
25,1/06/2012,30.23,3.422,8642.2,26833.97,25.94,1092.98,3714.33,212.5711125,6.961,FALSE
26,1/06/2012,22.94,3.439,3352.77,17442.27,117.1,468.31,6344.32,136.698129,7.467,FALSE
27,1/06/2012,35.8,3.585,9235.59,29675.22,526.36,2399.37,6290.52,140.6461359,8.009,FALSE
28,1/06/2012,50.43,3.599,5155.86,19549.51,218.29,636.73,5218.5,130.1575161,12.187,FALSE
29,1/06/2012,34.61,3.439,4557.94,13427.99,9.56,550.78,2053.68,136.698129,8.988,FALSE
30,1/06/2012,48.1,3.157,594.21,1905.66,91.16,4.92,855.1,219.355063,7.057,FALSE
31,1/06/2012,48.1,3.157,6105.78,25953.41,91.69,1254.6,6256.02,219.355063,7.057,FALSE
32,1/06/2012,36.75,3.095,4323.27,33209.84,208.29,1848.9,6197.53,196.5458309,8.256,FALSE
33,1/06/2012,60.92,3.443,42.92,1279.42,2.55,NA,246.46,130.1575161,7.603,FALSE
34,1/06/2012,36.39,3.158,5998.79,18094.69,104.92,351.55,2890.32,130.1575161,9.653,FALSE
35,1/06/2012,35.8,3.422,5956.88,13987.28,24.73,1685.24,6269.59,140.6461359,8.744,FALSE
36,1/06/2012,57.18,3.129,5.92,2257.39,2.86,NA,1024.9,218.4062876,7.244,FALSE
37,1/06/2012,57.18,3.157,250.83,1348.24,48.05,NA,1151.33,218.4062876,7.244,FALSE
38,1/06/2012,50.43,3.599,9.61,2765.45,56.96,NA,560.58,130.1575161,12.187,FALSE
39,1/06/2012,55.83,3.157,4525.51,23319.85,120.18,117.6,9638.2,218.4062876,7.244,FALSE
40,1/06/2012,23.29,3.439,3737.24,20629.4,169.85,954.18,4508.45,136.698129,4.261,FALSE
41,1/06/2012,37.21,3.095,6453.63,22866.83,126.87,2582.41,4266.94,196.5458309,6.589,FALSE
42,1/06/2012,59.85,3.443,2.91,2655.21,77.86,NA,649.61,130.1575161,7.545,FALSE
43,1/06/2012,47.59,3.157,32.95,1699.03,70.35,NA,1168.66,211.2428134,9.653,FALSE
44,1/06/2012,33.8,3.08,1.94,51.41,54.05,NA,809.1,130.1575161,5.774,FALSE
45,1/06/2012,35.88,3.422,7328.14,33378.79,34.6,1198.48,6819.1,189.1940558,8.424,FALSE
3,1/13/2012,51.86,3.261,3927.76,3323.64,NA,226.97,1725.19,223.3755259,6.833,FALSE
4,1/13/2012,34.41,3.263,3666.28,14553.37,76.37,820.37,5955.28,130.244,4.607,FALSE
5,1/13/2012,48.86,3.261,3408.93,3666.32,1.71,137.88,1706.42,220.4760185,5.943,FALSE
6,1/13/2012,48.33,3.261,4779.48,11967.81,65.72,575.13,4512.18,221.4893412,6.132,FALSE
7,1/13/2012,7.46,3.077,3167.26,5926.48,0.54,191.84,1415.69,196.7330517,8.256,FALSE
8,1/13/2012,36.46,3.261,6725.29,12764.99,15.98,299.73,3851.69,223.4242571,5.825,FALSE
9,1/13/2012,42.44,3.261,4731.1,2959.36,NA,129.27,3416.48,223.6168049,5.667,FALSE
10,1/13/2012,51,3.477,5203.77,14424.42,1.38,597.55,5659.57,130.244,7.545,FALSE
11,1/13/2012,53.1,3.261,7153.87,4831.34,39.14,590.68,8698.99,223.3755259,6.833,FALSE
12,1/13/2012,48.07,3.657,6935.5,23438.57,NA,2289.8,9526.73,130.244,12.187,FALSE
13,1/13/2012,25.61,3.056,3627.07,14887.88,119.93,798.48,4668.82,130.244,6.104,FALSE
14,1/13/2012,41.18,3.513,4605.8,21593.85,636.54,727.57,4054.79,189.3260962,8.424,FALSE
15,1/13/2012,36.26,3.666,1684.66,8959.27,1,487.76,542.9,136.753,7.943,FALSE
16,1/13/2012,19.55,3.077,1353.58,2551.73,0.24,289.67,1899.49,196.7330517,6.162,FALSE
17,1/13/2012,20.28,3.056,1552.86,3911.73,0.52,542.24,1709.97,130.244,6.403,FALSE
18,1/13/2012,35.25,3.523,3761.79,22411.4,10.54,807.3,2977.83,136.753,8.075,FALSE
19,1/13/2012,37.08,3.666,3504.09,11505.42,291.37,1698.88,5451.32,136.753,7.943,FALSE
20,1/13/2012,37.79,3.513,3627.81,18632.14,108.48,847.7,3614.04,212.7386486,6.961,FALSE
21,1/13/2012,45,3.261,4873.12,13367.98,0.46,396.66,1861.16,219.5328198,7.057,FALSE
22,1/13/2012,39,3.523,2325.12,19455.8,6.06,520.21,5824.45,140.7048214,7.503,FALSE
23,1/13/2012,28.49,3.523,2766.24,15216.56,4.84,807.22,2273.23,136.753,4.261,FALSE
24,1/13/2012,36.5,3.666,3545.34,8743.62,127.43,819.74,4434.08,136.753,8.659,FALSE
25,1/13/2012,34.6,3.513,2459.51,10718.26,0.92,506.45,3277.12,212.7386486,6.961,FALSE
26,1/13/2012,25.55,3.523,2153.82,6050.57,62.24,275.03,2511.4,136.753,7.467,FALSE
27,1/13/2012,41.3,3.666,8081.05,16237.87,542.46,643.15,6238.31,140.7048214,8.009,FALSE
28,1/13/2012,48.07,3.657,4649.73,1843.24,45.3,869.64,7935.42,130.244,12.187,FALSE
29,1/13/2012,39,3.523,1789.85,7403.46,0.06,2.5,2512.9,136.753,8.988,FALSE
30,1/13/2012,45,3.261,157.23,452.88,51.64,NA,916.52,219.5328198,7.057,FALSE
31,1/13/2012,45,3.261,4371.53,14136.14,54.52,719.85,3942.03,219.5328198,7.057,FALSE
32,1/13/2012,28.99,3.077,2682.32,14928.54,211.06,1049.44,3137.59,196.7330517,8.256,FALSE
33,1/13/2012,54.61,3.477,370.06,70.73,7.02,NA,671.89,130.244,7.603,FALSE
34,1/13/2012,33.99,3.263,2514.23,8431.82,48.38,186.59,4699.39,130.244,9.653,FALSE
35,1/13/2012,41.3,3.513,2428.51,7532.95,2.28,413.26,3750.02,140.7048214,8.744,FALSE
36,1/13/2012,56.28,3.254,15.85,1402.86,7.04,NA,858.31,218.5823389,7.244,FALSE
37,1/13/2012,56.28,3.261,1534.85,581.46,31.07,NA,820.26,218.5823389,7.244,FALSE
38,1/13/2012,48.07,3.657,1129.45,125.33,31.85,NA,1101.74,130.244,12.187,FALSE
39,1/13/2012,54.66,3.261,7924.93,13698.33,83.04,477.43,10488.23,218.5823389,7.244,FALSE
40,1/13/2012,25.9,3.523,1128.25,8721.23,129.34,393.68,3221.84,136.753,4.261,FALSE
41,1/13/2012,27.49,3.077,1934.8,14627.46,112.2,542.89,4044.44,196.7330517,6.589,FALSE
42,1/13/2012,51,3.477,1251.87,2536.15,21.1,NA,515.26,130.244,7.545,FALSE
43,1/13/2012,43.68,3.261,894.04,209.71,32.36,NA,1191.88,211.4115714,9.653,FALSE
44,1/13/2012,25.61,3.056,1074.17,27.6,48.39,NA,545.15,130.244,5.774,FALSE
45,1/13/2012,41.18,3.513,3489.73,11219.72,0.92,489.07,9596.29,189.3260962,8.424,FALSE
3,1/20/2012,56.2,3.268,720.82,1629.26,1.46,16.05,799.5,223.4700552,6.833,FALSE
4,1/20/2012,42.09,3.273,2109.41,7040.02,44.16,918.36,1116.83,130.2792258,4.607,FALSE
5,1/20/2012,54.65,3.268,761.25,2100.24,NA,132.63,1276.75,220.5694104,5.943,FALSE
6,1/20/2012,55.37,3.268,3413.91,1540.99,33.02,449.06,6587.63,221.5831306,6.132,FALSE
7,1/20/2012,27.41,3.055,1967.73,2791.5,0.73,213.86,4297.27,196.7796652,8.256,FALSE
8,1/20/2012,46.81,3.268,1643.08,1055.47,9.02,411.88,3161.92,223.5188055,5.825,FALSE
9,1/20/2012,51.56,3.268,910.51,234.36,NA,117.08,6081.04,223.7114288,5.667,FALSE
10,1/20/2012,54.51,3.66,2972.31,3286.44,1,644.03,5331.52,130.2792258,7.545,FALSE
11,1/20/2012,56.43,3.268,2421.89,1803.64,37.76,297.73,2282.23,223.4700552,6.833,FALSE
12,1/20/2012,46.2,3.66,4167.27,5161.57,5.84,2552.39,3854.53,130.2792258,12.187,FALSE
13,1/20/2012,32.71,3.047,3150.56,6765.52,87.63,1196.17,3136.96,130.2792258,6.104,FALSE
14,1/20/2012,31.85,3.533,5037.95,4952.93,860.9,2560.08,5386.74,189.4214733,8.424,FALSE
15,1/20/2012,21.39,3.705,2637.43,3151.32,NA,265.47,2257.53,136.8564194,7.943,FALSE
16,1/20/2012,29.3,3.055,2087.19,1399.47,5.58,75.83,4742.74,196.7796652,6.162,FALSE
17,1/20/2012,27.26,3.047,1461.59,577.33,NA,442.39,1407.74,130.2792258,6.403,FALSE
18,1/20/2012,24.2,3.542,4209.35,5114.77,3.66,414.31,965.11,136.8564194,8.075,FALSE
19,1/20/2012,23.44,3.705,5571.99,5702.57,225.06,1122.08,2863.93,136.8564194,7.943,FALSE
20,1/20/2012,27.65,3.533,2465.98,5030.4,106.54,999.54,3380.92,212.8336399,6.961,FALSE
21,1/20/2012,52.21,3.268,4436,1092.91,3.46,387.92,3943.31,219.6258417,7.057,FALSE
22,1/20/2012,29.16,3.542,1697.47,7401.88,2.73,1934.2,7147.3,140.8086118,7.503,FALSE
23,1/20/2012,15.33,3.542,2437.41,4576.79,NA,2251.32,1848.96,136.8564194,4.261,FALSE
24,1/20/2012,25.73,3.705,2809.05,7169.67,171.45,730.64,3663.25,136.8564194,8.659,FALSE
25,1/20/2012,23.87,3.533,577.2,3417.28,4,5.85,1684.31,212.8336399,6.961,FALSE
26,1/20/2012,15.22,3.542,1673.31,3004.75,27.82,153.3,2092.05,136.8564194,7.467,FALSE
27,1/20/2012,30.35,3.705,2754.17,9280.81,465.77,2567.91,1550.34,140.8086118,8.009,FALSE
28,1/20/2012,46.2,3.66,5177.01,1280.59,23.75,716.52,6009.03,130.2792258,12.187,FALSE
29,1/20/2012,29.16,3.542,2021.51,2502.83,4.65,383.01,2842.32,136.8564194,8.988,FALSE
30,1/20/2012,52.21,3.268,1084.35,3.47,36.96,NA,344.93,219.6258417,7.057,FALSE
31,1/20/2012,52.21,3.268,3918.1,2626.22,74.41,167.56,3302.94,219.6258417,7.057,FALSE
32,1/20/2012,36.86,3.055,1856.91,6229.68,214.77,887.78,5684.68,196.7796652,8.256,FALSE
33,1/20/2012,55.99,3.66,234.48,61.51,3.64,NA,317.59,130.2792258,7.603,FALSE
34,1/20/2012,39.28,3.273,1358.95,3015.89,27.49,255.88,2402.57,130.2792258,9.653,FALSE
35,1/20/2012,30.35,3.533,2498.37,4413.52,5.46,618.55,2393.77,140.8086118,8.744,FALSE
36,1/20/2012,58.9,3.275,318.15,294.59,1.98,NA,589.99,218.6755292,7.244,FALSE
37,1/20/2012,58.9,3.268,366.42,313.91,27.94,NA,344.84,218.6755292,7.244,FALSE
38,1/20/2012,46.2,3.66,465.73,17.03,28.02,NA,1397.31,130.2792258,12.187,FALSE
39,1/20/2012,58.04,3.268,919.82,4005.7,90.56,525.75,1798.51,218.6755292,7.244,FALSE
40,1/20/2012,14.02,3.542,1658.12,4319.36,101.86,79.54,1831.29,136.8564194,4.261,FALSE
41,1/20/2012,31.56,3.055,2827.98,3671.37,119.55,530.03,1924.99,196.7796652,6.589,FALSE
42,1/20/2012,54.51,3.66,604.05,1982.9,NA,NA,343.93,130.2792258,7.545,FALSE
43,1/20/2012,52.72,3.268,320.8,24.36,31.72,NA,153.04,211.4997811,9.653,FALSE
44,1/20/2012,32.71,3.047,378.2,22.42,66,NA,481.09,130.2792258,5.774,FALSE
45,1/20/2012,31.85,3.533,3205.9,4038.51,2.19,488.63,2344.09,189.4214733,8.424,FALSE
3,1/27/2012,58.06,3.29,774.55,349.99,NA,4,328.72,223.5645845,6.833,FALSE
4,1/27/2012,40.31,3.29,1346.06,3740.12,46.16,445.47,2451.89,130.3144516,4.607,FALSE
5,1/27/2012,54.63,3.29,573.64,969.68,NA,12,861.28,220.6628023,5.943,FALSE
6,1/27/2012,53.95,3.29,1510.59,630.92,37.1,17,2641.9,221.6769199,6.132,FALSE
7,1/27/2012,26.9,3.038,747.21,559.46,NA,47,2332.92,196.8262786,8.256,FALSE
8,1/27/2012,45.52,3.29,6065.01,730.16,15.18,30.28,24241.12,223.6133539,5.825,FALSE
9,1/27/2012,49.38,3.29,489.19,283.85,NA,22.5,2888.79,223.8060527,5.667,FALSE
10,1/27/2012,53.59,3.675,3242.59,1646.86,NA,45.8,1691.83,130.3144516,7.545,FALSE
11,1/27/2012,58.36,3.29,708.33,1631.94,49.3,3,2116.1,223.5645845,6.833,FALSE
12,1/27/2012,50.43,3.675,1201.31,631.79,NA,104.69,1050.85,130.3144516,12.187,FALSE
13,1/27/2012,34.32,3.058,3743,3744.31,108.46,253.99,3511.82,130.3144516,6.104,FALSE
14,1/27/2012,37.93,3.567,3468.31,2195.14,689.52,252.01,2128.36,189.5168505,8.424,FALSE
15,1/27/2012,30.87,3.737,875.81,2072.02,NA,58.58,1418.14,136.9598387,7.943,FALSE
16,1/27/2012,28.17,3.038,612.01,1011.32,NA,8.41,2482.91,196.8262786,6.162,FALSE
17,1/27/2012,29.99,3.058,1834.7,684.22,NA,118,1109.1,130.3144516,6.403,FALSE
18,1/27/2012,30.44,3.568,3237.56,3060.93,NA,22.5,653.02,136.9598387,8.075,FALSE
19,1/27/2012,32.41,3.737,3112.37,4031.78,289.74,20.97,2353.81,136.9598387,7.943,FALSE
20,1/27/2012,37.19,3.567,1023.6,3044.15,106.08,52.87,2447.73,212.9286312,6.961,FALSE
21,1/27/2012,50.79,3.29,714.08,602.88,NA,18.42,2562.85,219.7188636,7.057,FALSE
22,1/27/2012,35.68,3.568,1048.86,4022.06,NA,9.88,2507.98,140.9124021,7.503,FALSE
23,1/27/2012,25.71,3.568,957.2,3319.68,NA,9,1709.6,136.9598387,4.261,FALSE
24,1/27/2012,31.92,3.737,755.78,4142.75,190.3,90.5,2594.66,136.9598387,8.659,FALSE
25,1/27/2012,32.24,3.567,2683.99,2193.97,NA,901.08,2783.8,212.9286312,6.961,FALSE
26,1/27/2012,24.16,3.568,812.2,1267.64,32.5,13.76,1914.38,136.9598387,7.467,FALSE
27,1/27/2012,36.96,3.737,2789.03,4172.39,589.24,101.5,3857.29,140.9124021,8.009,FALSE
28,1/27/2012,50.43,3.675,1657.67,887,30.97,222.42,4291.52,130.3144516,12.187,FALSE
29,1/27/2012,35.68,3.568,961.63,2011.62,0.73,117.38,1504.22,136.9598387,8.988,FALSE
30,1/27/2012,50.79,3.29,246.62,NA,49.06,42.84,421.39,219.7188636,7.057,FALSE
31,1/27/2012,50.79,3.29,2391.52,1189.61,50.82,313.76,4791.34,219.7188636,7.057,FALSE
32,1/27/2012,36.67,3.038,1212.68,2986.04,177.27,69.87,2324.48,196.8262786,8.256,FALSE
33,1/27/2012,56.33,3.675,12.6,12.47,3.38,NA,375.54,130.3144516,7.603,FALSE
34,1/27/2012,39.81,3.29,387.48,1594.36,18.98,13.35,769.52,130.3144516,9.653,FALSE
35,1/27/2012,36.96,3.567,2798.44,2928.52,1.46,446,9008.25,140.9124021,8.744,FALSE
36,1/27/2012,62.73,3.313,35.96,17.03,0.44,NA,381.04,218.7687195,7.244,FALSE
37,1/27/2012,62.73,3.29,186.28,27.75,33,NA,323.83,218.7687195,7.244,FALSE
38,1/27/2012,50.43,3.675,24.1,4.47,29.12,NA,2271.88,130.3144516,12.187,FALSE
39,1/27/2012,60.65,3.29,1119.34,2578.64,82.5,4,1647.3,218.7687195,7.244,FALSE
40,1/27/2012,22.91,3.568,388.59,1327.78,126.72,38.29,1619.57,136.9598387,4.261,FALSE
41,1/27/2012,33.15,3.038,2464.6,2126.51,112.01,129.54,817.31,196.8262786,6.589,FALSE
42,1/27/2012,53.59,3.675,2.4,539.32,NA,NA,816.91,130.3144516,7.545,FALSE
43,1/27/2012,52.1,3.29,122.11,8.64,26.26,NA,532.33,211.5879908,9.653,FALSE
44,1/27/2012,34.32,3.058,17.76,12.28,63.36,NA,224.86,130.3144516,5.774,FALSE
45,1/27/2012,37.93,3.567,1890.49,2618.49,NA,139.07,5692.74,189.5168505,8.424,FALSE
3,2/03/2012,59.33,3.36,9667.5,268.29,0.6,8368.15,804.24,223.6591137,6.833,FALSE
4,2/03/2012,41.81,3.354,50820.76,4033.29,285.11,48086.64,7456.15,130.3496774,4.607,FALSE
5,2/03/2012,57.35,3.36,23811.41,1349.62,23.82,14928.42,3186.52,220.7561941,5.943,FALSE
6,2/03/2012,57.45,3.36,36848.38,1772.68,161.55,28199.34,7151.33,221.7707093,6.132,FALSE
7,2/03/2012,22.2,3.031,56917.7,1839.82,4.53,16241.73,2414.97,196.8728921,8.256,FALSE
8,2/03/2012,45.56,3.36,41524.03,1412.41,83.15,18723.56,3886.31,223.7079023,5.825,FALSE
9,2/03/2012,54.43,3.36,19289.22,527.14,4.46,9955.21,3428.92,223.9006766,5.667,FALSE
10,2/03/2012,56.85,3.543,42468.4,1985.73,174.33,33345.34,5609.77,130.3496774,7.545,FALSE
11,2/03/2012,60.24,3.36,50909.18,1957.49,137.23,37091.67,6418.36,223.6591137,6.833,FALSE
12,2/03/2012,50.58,3.702,60740.64,3779.65,43.08,48403.53,20348.16,130.3496774,12.187,FALSE
13,2/03/2012,31.39,3.077,53423.29,5822.12,282.08,57817.56,9654.23,130.3496774,6.104,FALSE
14,2/03/2012,42.96,3.617,78124.5,4232.19,788.56,46081.94,14550.73,189.6122277,8.424,FALSE
15,2/03/2012,35.3,3.796,25565.53,3425.96,56.72,19303.94,3230.99,137.0632581,7.943,FALSE
16,2/03/2012,25.53,3.031,32702.46,747.82,2.39,8063.07,2940.68,196.8728921,6.162,FALSE
17,2/03/2012,26.26,3.077,32793.78,5509.47,38.96,35785.26,4518.58,130.3496774,6.403,FALSE
18,2/03/2012,37.62,3.633,19499.87,3227,424.44,43570.91,3158.83,137.0632581,8.075,FALSE
19,2/03/2012,36.22,3.796,51879.66,6433.83,394.18,52739.02,6473.61,137.0632581,7.943,FALSE
20,2/03/2012,39.93,3.617,58928.52,8766.77,226.27,53603.99,8301.25,213.0236225,6.961,FALSE
21,2/03/2012,55.83,3.36,24617.88,1598.17,41.45,25134.87,3110.22,219.8118854,7.057,FALSE
22,2/03/2012,40.58,3.633,88646.76,5196.77,27.71,57815.43,8823.94,141.0161924,7.503,FALSE
23,2/03/2012,29.71,3.633,35688.59,6055.11,132.8,43218.61,5335.65,137.0632581,4.261,FALSE
24,2/03/2012,38.61,3.796,65021.23,4189.09,254.01,47452.43,7146.25,137.0632581,8.659,FALSE
25,2/03/2012,34.98,3.617,38223.59,4566.23,21.92,42448.94,5621.09,213.0236225,6.961,FALSE
26,2/03/2012,25.24,3.633,35421.34,1596.92,74.14,20234.78,6541.84,137.0632581,7.467,FALSE
27,2/03/2012,42.52,3.796,62172.73,6256,530.81,67474.85,6129.6,141.0161924,8.009,FALSE
28,2/03/2012,50.58,3.702,44998.1,3682.17,182.6,39241.63,16008.79,130.3496774,12.187,FALSE
29,2/03/2012,40.58,3.633,23656.27,2347.13,110.26,11641.23,2548.96,137.0632581,8.988,FALSE
30,2/03/2012,55.83,3.36,843.22,2.82,64.81,192.66,2393.21,219.8118854,7.057,FALSE
31,2/03/2012,55.83,3.36,60394.73,2578.65,128.54,33529.14,7737.46,219.8118854,7.057,FALSE
32,2/03/2012,35.89,3.031,31506.24,4740.74,306.03,42702.46,7920.93,196.8728921,8.256,FALSE
33,2/03/2012,59.53,3.543,653.33,7.4,3.38,NA,773.27,130.3496774,7.603,FALSE
34,2/03/2012,38.64,3.354,24118.77,1767.26,91.24,14240.58,3833.23,130.3496774,9.653,FALSE
35,2/03/2012,42.52,3.617,62567.6,3718.52,41.68,40201.38,4130.12,141.0161924,8.744,FALSE
36,2/03/2012,61.33,3.421,1786.27,1.5,2.62,2.5,1373.38,218.8619099,7.244,FALSE
37,2/03/2012,61.33,3.36,1416.62,11.62,93.34,132.22,1757.37,218.8619099,7.244,FALSE
38,2/03/2012,50.58,3.702,2428.47,6.57,52.66,161.71,2606.06,130.3496774,12.187,FALSE
39,2/03/2012,60.69,3.36,44153.98,1873.54,228.69,31484.58,24354.2,218.8619099,7.244,FALSE
40,2/03/2012,27.86,3.633,37980.28,2731.05,108.41,23597.14,5940.88,137.0632581,4.261,FALSE
41,2/03/2012,31.65,3.031,42353.77,4696.86,231.92,46238.28,6379.49,196.8728921,6.589,FALSE
42,2/03/2012,56.85,3.543,1351.16,17.81,15.97,263.92,1415.88,130.3496774,7.545,FALSE
43,2/03/2012,51.92,3.36,1702.1,33.56,51.66,152.82,2211.81,211.6762005,9.653,FALSE
44,2/03/2012,31.39,3.077,1518.53,4,77.54,NA,1177.48,130.3496774,5.774,FALSE
45,2/03/2012,42.96,3.617,35348.47,4373.64,21.05,38157.91,5908.5,189.6122277,8.424,FALSE
3,2/10/2012,51.65,3.409,8687.47,1594.87,2.2,2144.87,2577.83,223.753643,6.833,TRUE
4,2/10/2012,33,3.411,11374.63,7208.51,118.37,12869.78,10618.93,130.3849032,4.607,TRUE
5,2/10/2012,48.57,3.409,4239.28,2725.8,1.53,3682.89,3234.79,220.849586,5.943,TRUE
6,2/10/2012,48.58,3.409,12635.19,5694.76,68.45,8976.17,6779.43,221.8644987,6.132,TRUE
7,2/10/2012,18.79,3.103,13100.37,3096.6,1.73,4854.7,6266.04,196.9195056,8.256,TRUE
8,2/10/2012,35.71,3.409,9332.6,3298.88,32.12,6530.08,4858.74,223.8024507,5.825,TRUE
9,2/10/2012,44.03,3.409,5619.8,1595.17,1.71,4740.66,4494.14,223.9953006,5.667,TRUE
10,2/10/2012,55.73,3.722,8414.22,861.38,66.96,6806.11,5723,130.3849032,7.545,TRUE
11,2/10/2012,52.23,3.409,12424.72,4575.75,81.74,8932.68,6987.67,223.753643,6.833,TRUE
12,2/10/2012,52.27,3.722,20281.03,2551.32,14.99,10597.74,7457.16,130.3849032,12.187,TRUE
13,2/10/2012,33.73,3.116,9264.48,8292.73,179.72,18849.21,9083.54,130.3849032,6.104,TRUE
14,2/10/2012,37,3.64,17118.97,6533.16,285.82,11597.23,6174.43,189.7076048,8.424,TRUE
15,2/10/2012,31.91,3.826,5140.44,5527.21,10.39,9439.38,6371.82,137.1666774,7.943,TRUE
16,2/10/2012,23.69,3.103,7247.14,985.13,0.45,9481.58,6298.1,196.9195056,6.162,TRUE
17,2/10/2012,23.63,3.116,5658.48,13498.72,16.27,4292.59,6008.71,130.3849032,6.403,TRUE
18,2/10/2012,32.83,3.655,36778.65,4105.7,222.56,16024.01,8840.68,137.1666774,8.075,TRUE
19,2/10/2012,32.61,3.826,12739.73,8415.91,279.21,16150.68,7888.04,137.1666774,7.943,TRUE
20,2/10/2012,33.47,3.64,9804,13171.55,132.42,16864.33,7535.63,213.1186138,6.961,TRUE
21,2/10/2012,46.52,3.409,26115.19,3985.95,13.1,16646.38,7628.83,219.9049073,7.057,TRUE
22,2/10/2012,35.68,3.655,10155.75,6392.28,3.34,9811.63,5448.98,141.1199827,7.503,TRUE
23,2/10/2012,26.6,3.655,8770.83,8403.67,56.54,9800.67,6133.9,137.1666774,4.261,TRUE
24,2/10/2012,33.82,3.826,11788.06,6777.04,73.29,11571.69,4451.85,137.1666774,8.659,TRUE
25,2/10/2012,32.47,3.64,17655.4,5620.25,12.82,16909.35,6645.05,213.1186138,6.961,TRUE
26,2/10/2012,23.89,3.655,5858.94,2569.2,13.42,5936.74,5874.01,137.1666774,7.467,TRUE
27,2/10/2012,37.86,3.826,15591.32,6206.22,249.82,14000.53,8024.91,141.1199827,8.009,TRUE
28,2/10/2012,52.27,3.722,20097.48,2774.5,66.42,16822.46,8228.86,130.3849032,12.187,TRUE
29,2/10/2012,35.68,3.655,15679.67,2427.87,4.36,4775.31,4026.33,137.1666774,8.988,TRUE
30,2/10/2012,46.52,3.409,2098.64,4,52.55,NA,1923.82,219.9049073,7.057,TRUE
31,2/10/2012,46.52,3.409,16946.96,3789.56,83.24,11187.79,8316.25,219.9049073,7.057,TRUE
32,2/10/2012,23.34,3.103,19784.57,9309.88,225.85,29483.81,5473.82,196.9195056,8.256,TRUE
33,2/10/2012,59.94,3.722,1437.28,1.5,4.94,NA,1244.96,130.3849032,7.603,TRUE
34,2/10/2012,36.7,3.411,16191.24,4394.52,58.87,11972.11,6375.39,130.3849032,9.653,TRUE
35,2/10/2012,37.86,3.64,11865.12,4373.03,23.69,11941.36,8357.61,141.1199827,8.744,TRUE
36,2/10/2012,54.49,3.462,810.75,5.5,3.82,NA,699.9,218.9551002,7.244,TRUE
37,2/10/2012,54.49,3.409,264.34,3,40.01,NA,2147.95,218.9551002,7.244,TRUE
38,2/10/2012,52.27,3.722,518.25,11.21,37.01,3.97,1200.97,130.3849032,12.187,TRUE
39,2/10/2012,52.89,3.409,6997.37,1891.53,115.26,7093.82,9198.59,218.9551002,7.244,TRUE
40,2/10/2012,23.92,3.655,10333.24,3700.62,66.01,11804.09,7697.87,137.1666774,4.261,TRUE
41,2/10/2012,22,3.103,8123.92,7618.89,127.05,13453.73,8066.43,196.9195056,6.589,TRUE
42,2/10/2012,55.73,3.722,992.73,13.93,25.7,NA,1700.95,130.3849032,7.545,TRUE
43,2/10/2012,46.54,3.409,565.9,NA,27.07,NA,1984.35,211.7644101,9.653,TRUE
44,2/10/2012,33.73,3.116,2463.16,11.5,76.33,NA,1635.49,130.3849032,5.774,TRUE
45,2/10/2012,37,3.64,15760.3,6113.95,5.43,5656.35,4685.58,189.7076048,8.424,TRUE
3,2/17/2012,52.39,3.51,2706.87,3128.74,1.88,2396.68,1631.28,223.9170153,6.833,FALSE
4,2/17/2012,34.19,3.493,14225.99,11049.65,17.36,11912.49,7565.99,130.4546207,4.607,FALSE
5,2/17/2012,48.25,3.51,5548.48,1958.52,1.76,2662.84,2820.38,221.0106341,5.943,FALSE
6,2/17/2012,49.03,3.51,13182.32,15299.89,12.82,6129.29,7603.05,222.026359,6.132,FALSE
7,2/17/2012,27.03,3.113,5453.54,4918.31,1.88,1838.98,5303.89,196.9432711,8.256,FALSE
8,2/17/2012,37.51,3.51,4376.58,10723.12,10.5,1546.82,4117.02,223.9658621,5.825,FALSE
9,2/17/2012,43.81,3.51,4572.81,5448.91,6,945.06,7589.85,224.1588663,5.667,FALSE
10,2/17/2012,54.12,3.781,20174.89,8935.08,10.8,6330.02,12821.24,130.4546207,7.545,FALSE
11,2/17/2012,52.77,3.51,10256.46,9792.52,24.82,4060.54,2418.36,223.9170153,6.833,FALSE
12,2/17/2012,51.8,3.781,17708.64,8549.74,2.88,14234.76,5960.69,130.4546207,12.187,FALSE
13,2/17/2012,36.57,3.119,21621.16,16497.47,25.52,13643.83,14660.97,130.4546207,6.104,FALSE
14,2/17/2012,36.85,3.695,23664.75,13769.67,143.36,11965.7,10506.12,189.8424834,8.424,FALSE
15,2/17/2012,30.26,3.874,17822.56,7914.95,1.76,11094.94,4922.19,137.2583103,7.943,FALSE
16,2/17/2012,31.19,3.113,5656.83,2712.39,NA,2883.67,4484.79,196.9432711,6.162,FALSE
17,2/17/2012,30.76,3.119,10862.6,14264.11,2.64,8459.96,4740.08,130.4546207,6.403,FALSE
18,2/17/2012,32.87,3.703,17875.37,9663.67,2,10433.78,5439.08,137.2583103,8.075,FALSE
19,2/17/2012,30.95,3.874,14910.8,14860.19,82.94,11200.69,7571.06,137.2583103,7.943,FALSE
20,2/17/2012,31.11,3.695,27400.95,19179.87,10.5,11087.4,10204.37,213.2732106,6.961,FALSE
21,2/17/2012,45.03,3.51,12365.91,7922.13,1.38,7862.71,5348.94,220.0651993,7.057,FALSE
22,2/17/2012,36.25,3.703,14910.44,10572.12,2,10409.34,5499.8,141.2140357,7.503,FALSE
23,2/17/2012,27.01,3.703,8924.48,10140.32,1.88,6699.65,2236.81,137.2583103,4.261,FALSE
24,2/17/2012,33.92,3.874,12244.57,10925.86,25.52,15725.51,5533.12,137.2583103,8.659,FALSE
25,2/17/2012,32.23,3.695,25926.69,9583.33,1,8768.42,6263.7,213.2732106,6.961,FALSE
26,2/17/2012,23.9,3.703,11524.93,6005.06,1.04,3417.87,7086.22,137.2583103,7.467,FALSE
27,2/17/2012,37.24,3.874,14655.15,10670.84,162.82,11286.99,1595.8,141.2140357,8.009,FALSE
28,2/17/2012,51.8,3.781,20868.41,6880.29,7.84,7685.11,11114.94,130.4546207,12.187,FALSE
29,2/17/2012,36.25,3.703,7180.13,5665.86,1.76,5185.35,3381.36,137.2583103,8.988,FALSE
30,2/17/2012,45.03,3.51,95.88,745.13,11.88,NA,2043.43,220.0651993,7.057,FALSE
31,2/17/2012,45.03,3.51,13158.2,6689.78,10.34,6529.43,7435.73,220.0651993,7.057,FALSE
32,2/17/2012,24.26,3.113,9434.94,12371.88,39.2,5880.54,7373.13,196.9432711,8.256,FALSE
33,2/17/2012,57.8,3.781,99.4,262.95,3.9,0.46,1005.65,130.4546207,7.603,FALSE
34,2/17/2012,37.25,3.493,8386.11,4644.97,16.48,2748.66,6015.47,130.4546207,9.653,FALSE
35,2/17/2012,37.24,3.695,20207.59,7982.96,2.64,9522.98,10733.96,141.2140357,8.744,FALSE
36,2/17/2012,54.38,3.503,377.29,417.07,0.44,NA,537.36,219.1148297,7.244,FALSE
37,2/17/2012,54.38,3.51,1173.99,593.1,2.86,NA,1372.2,219.1148297,7.244,FALSE
38,2/17/2012,51.8,3.781,647.57,580.69,5.72,2,2761.19,130.4546207,12.187,FALSE
39,2/17/2012,52.75,3.51,15632.4,6962.91,24.9,6631.5,23647.05,219.1148297,7.244,FALSE
40,2/17/2012,25.56,3.703,7763.37,7366.75,33.48,3995.44,2642.17,137.2583103,4.261,FALSE
41,2/17/2012,22.52,3.113,15838.59,10710.9,14.96,10097.26,7390.48,196.9432711,6.589,FALSE
42,2/17/2012,54.12,3.781,66.87,736.8,3.94,NA,996.28,130.4546207,7.545,FALSE
43,2/17/2012,49.38,3.51,109.95,1389.84,0.52,NA,2824.89,211.916835,9.653,FALSE
44,2/17/2012,36.57,3.119,98.16,1080.01,17.6,NA,2583.41,130.4546207,5.774,FALSE
45,2/17/2012,36.85,3.695,8683.43,7421.99,1.76,9084.92,1995.22,189.8424834,8.424,FALSE
3,2/24/2012,60.12,3.555,6129.28,1802.84,NA,301.48,1929.71,224.1320199,6.833,FALSE
4,2/24/2012,41.31,3.541,9777.71,4703.88,5.4,1179.72,9352.14,130.5502069,4.607,FALSE
5,2/24/2012,57.75,3.555,2220.32,1407.4,NA,145.46,2657.52,221.2224243,5.943,FALSE
6,2/24/2012,59.17,3.555,9198.08,8878.31,10.6,642.13,5539.68,222.2392726,6.132,FALSE
7,2/24/2012,24.41,3.129,10170.57,4331.71,93.06,2699.15,3456.7,196.9499007,8.256,FALSE
8,2/24/2012,46.33,3.555,9712.39,4960.15,1,2441.26,5314.33,224.1809207,5.825,FALSE
9,2/24/2012,53.67,3.555,3801.98,4010.13,1,586.06,7315.09,224.3741384,5.667,FALSE
10,2/24/2012,56.02,3.95,13929.09,4614.67,NA,596.5,6528.31,130.5502069,7.545,FALSE
11,2/24/2012,61.11,3.555,17546.88,7531.48,0.5,3698.03,12656.68,224.1320199,6.833,FALSE
12,2/24/2012,53.13,3.95,12862.31,5681.93,2,2401.22,5131.37,130.5502069,12.187,FALSE
13,2/24/2012,35.38,3.145,16404.54,12013.87,3.4,2584.12,5126.53,130.5502069,6.104,FALSE
14,2/24/2012,42.86,3.739,15074.23,8644.89,4.2,4450.84,7278.87,190.0069881,8.424,FALSE
15,2/24/2012,33.18,3.917,6881.03,5859.12,1,3607.57,4147.13,137.3411034,7.943,FALSE
16,2/24/2012,26.21,3.129,12120.37,2778.82,NA,1634.92,4210.7,196.9499007,6.162,FALSE
17,2/24/2012,30.01,3.145,8628.93,3368.34,NA,3876.56,4378.82,130.5502069,6.403,FALSE
18,2/24/2012,36.34,3.751,8425.97,10284.14,NA,1417.12,3566.91,137.3411034,8.075,FALSE
19,2/24/2012,33.91,3.917,13926.46,11835.35,2.8,4929.34,6287.18,137.3411034,7.943,FALSE
20,2/24/2012,39.79,3.739,11230.85,10561.94,12.2,1457.31,21024.39,213.4725116,6.961,FALSE
21,2/24/2012,54.81,3.555,7012.83,5600.94,0.5,2229.25,4606.24,220.275944,7.057,FALSE
22,2/24/2012,39,3.751,10045.03,7913.38,NA,8695.83,3361.36,141.3007857,7.503,FALSE
23,2/24/2012,31.12,3.751,18500.67,10478.33,NA,7541.62,7320.47,137.3411034,4.261,FALSE
24,2/24/2012,37.35,3.917,10065.77,10556.73,2.2,6791.1,9440.12,137.3411034,8.659,FALSE
25,2/24/2012,35.51,3.739,10504.05,7242.9,NA,5556.78,3596.69,213.4725116,6.961,FALSE
26,2/24/2012,28.06,3.751,7373.92,5211.81,3.2,2716.45,4114.28,137.3411034,7.467,FALSE
27,2/24/2012,41.74,3.917,16993.22,13384.32,9.6,8237.33,9045.21,141.3007857,8.009,FALSE
28,2/24/2012,53.13,3.95,9687.54,3338.06,NA,847.07,6736.61,130.5502069,12.187,FALSE
29,2/24/2012,39,3.751,7623.6,3357.2,NA,3737.6,5024.43,137.3411034,8.988,FALSE
30,2/24/2012,54.81,3.555,1192.83,557.62,NA,13.5,1342.2,220.275944,7.057,FALSE
31,2/24/2012,54.81,3.555,12329.67,4657.57,5.3,1538.63,5781.58,220.275944,7.057,FALSE
32,2/24/2012,33.41,3.129,18765.64,7738.97,7.6,8914.56,6028.36,196.9499007,8.256,FALSE
33,2/24/2012,59.41,3.95,577.17,268.61,NA,2.61,1653.57,130.5502069,7.603,FALSE
34,2/24/2012,39.89,3.541,5674.77,3367.59,2.6,1389.89,3919.46,130.5502069,9.653,FALSE
35,2/24/2012,41.74,3.739,10463.9,6749.11,NA,5146.87,4553.22,141.3007857,8.744,FALSE
36,2/24/2012,62.21,3.55,90.73,171.14,NA,NA,872.76,219.3244636,7.244,FALSE
37,2/24/2012,62.21,3.555,141.18,282.22,NA,NA,739.65,219.3244636,7.244,FALSE
38,2/24/2012,53.13,3.95,102.49,328.86,NA,2.86,2435.31,130.5502069,12.187,FALSE
39,2/24/2012,61.1,3.555,7826.68,6839.78,2,983.61,10296.01,219.3244636,7.244,FALSE
40,2/24/2012,29.88,3.751,15946.5,4605.02,2,4775.14,9418.31,137.3411034,4.261,FALSE
41,2/24/2012,27.89,3.129,9156.06,9181.74,3.2,3808.5,6148.47,196.9499007,6.589,FALSE
42,2/24/2012,56.02,3.95,353.39,232.44,NA,NA,1644.66,130.5502069,7.545,FALSE
43,2/24/2012,53.53,3.555,439.68,361.74,NA,NA,1450.19,212.1174212,9.653,FALSE
44,2/24/2012,35.38,3.145,270.59,18.53,NA,NA,1148.17,130.5502069,5.774,FALSE
45,2/24/2012,42.86,3.739,9006.21,5786.94,2,4291.22,7626.46,190.0069881,8.424,FALSE
3,3/02/2012,61.65,3.63,3552.58,601.32,NA,2666.22,1524.87,224.3470245,6.833,FALSE
4,3/02/2012,50.38,3.619,18564.88,1394.86,32.93,10714.6,3592.82,130.6457931,4.607,FALSE
5,3/02/2012,60.66,3.63,6172.7,123.32,1,3063.26,1213.59,221.4342146,5.943,FALSE
6,3/02/2012,60.32,3.63,20243.99,618.72,14.35,9687.4,4968.92,222.4521862,6.132,FALSE
7,3/02/2012,21.64,3.191,41848.34,2326.08,139.2,15505,1348.86,196.9565303,8.256,FALSE
8,3/02/2012,50.95,3.63,19521.45,1000.19,0.6,5819.37,3641.54,224.3959793,5.825,FALSE
9,3/02/2012,57.2,3.63,6268.15,154.97,NA,3557.17,1878.44,224.5894104,5.667,FALSE
10,3/02/2012,57.62,3.882,22685.06,152.91,48.76,5831.75,2808.95,130.6457931,7.545,FALSE
11,3/02/2012,62.61,3.63,16404.25,1191.27,7.03,11524.7,4400.35,224.3470245,6.833,FALSE
12,3/02/2012,52.27,4.178,15046.69,2131.62,12.84,4574.95,3428.27,130.6457931,12.187,FALSE
13,3/02/2012,32.36,3.242,25204.67,2436.75,167.88,16066.76,7289.69,130.6457931,6.104,FALSE
14,3/02/2012,41.55,3.816,20212.56,1991.38,46.67,11970.8,6876.57,190.1714927,8.424,FALSE
15,3/02/2012,33.24,3.983,11611.99,1749.22,27.4,7977.5,2327.04,137.4238966,7.943,FALSE
16,3/02/2012,23.4,3.191,8501.55,871.52,NA,2066.16,3207.63,196.9565303,6.162,FALSE
17,3/02/2012,26.28,3.242,14469.08,1163.89,37.38,8771.3,2237.79,130.6457931,6.403,FALSE
18,3/02/2012,33.59,3.827,26970.65,2430.78,152.58,28367.78,3625.67,137.4238966,8.075,FALSE
19,3/02/2012,34.83,3.983,28177.29,3485.95,22.78,31324.8,2851.55,137.4238966,7.943,FALSE
20,3/02/2012,39.98,3.816,34117.01,3200.31,6,22275.03,4989.3,213.6718127,6.961,FALSE
21,3/02/2012,59.3,3.63,14017.62,1076.98,7.07,8891.83,3182.63,220.4866886,7.057,FALSE
22,3/02/2012,37.47,3.827,28298.18,3333.76,89.58,25615.48,3141.76,141.3875357,7.503,FALSE
23,3/02/2012,25.91,3.827,29917.01,4311.34,32.93,23421.73,2723,137.4238966,4.261,FALSE
24,3/02/2012,35.36,3.983,5903.53,3495.48,18.15,110.37,3688.64,137.4238966,8.659,FALSE
25,3/02/2012,36.01,3.816,14860.09,3050.12,21.38,12085.01,1327.97,213.6718127,6.961,FALSE
26,3/02/2012,22.49,3.827,20215.36,1400.8,7.35,15485.84,2581.11,137.4238966,7.467,FALSE
27,3/02/2012,40.07,3.983,28652.29,3088.37,109.25,35364.08,4464.45,141.3875357,8.009,FALSE
28,3/02/2012,52.27,4.178,23765.08,872.4,3.5,12645.96,4736.14,130.6457931,12.187,FALSE
29,3/02/2012,37.47,3.827,12783.88,800.94,1.09,6884.75,1699.2,137.4238966,8.988,FALSE
30,3/02/2012,59.3,3.63,1080.76,0.02,1.39,63.5,1031.3,220.4866886,7.057,FALSE
31,3/02/2012,59.3,3.63,21236.34,1039.56,26.38,11668.85,7948.31,220.4866886,7.057,FALSE
32,3/02/2012,33.4,3.191,11929.81,4330.7,10.1,14296.7,2785.63,196.9565303,8.256,FALSE
33,3/02/2012,60.91,3.882,460.73,24.96,NA,NA,2045.14,130.6457931,7.603,FALSE
34,3/02/2012,42.74,3.619,9511.41,469.84,2.8,6593.25,4281.12,130.6457931,9.653,FALSE
35,3/02/2012,40.07,3.816,31880.88,1775.2,84.02,26264.78,1609.25,141.3875357,8.744,FALSE
36,3/02/2012,64.54,3.619,512.15,0.02,NA,NA,2359.78,219.5340975,7.244,FALSE
37,3/02/2012,64.54,3.63,892.47,18.92,2.9,NA,3369.86,219.5340975,7.244,FALSE
38,3/02/2012,52.27,4.178,1895.3,5.9,3.93,68.88,3186.15,130.6457931,12.187,FALSE
39,3/02/2012,64.05,3.63,22838.35,998.95,7.2,5781.24,12907.82,219.5340975,7.244,FALSE
40,3/02/2012,23.79,3.827,15284.47,1338.94,NA,14210.79,2121.92,137.4238966,4.261,FALSE
41,3/02/2012,27.39,3.191,11028.34,3211.73,21,15693.13,1736.73,196.9565303,6.589,FALSE
42,3/02/2012,57.62,3.882,441.4,10.78,1.96,NA,1511.43,130.6457931,7.545,FALSE
43,3/02/2012,56.43,3.63,346.74,2.56,15.84,NA,1429.73,212.3180074,9.653,FALSE
44,3/02/2012,32.36,3.242,611.06,NA,3.39,59.19,925.79,130.6457931,5.774,FALSE
45,3/02/2012,41.55,3.816,22832.38,2515.25,4,13317.88,2560.48,190.1714927,8.424,FALSE
3,3/09/2012,60.71,3.669,8368.5,298.46,1.39,1340.29,1416.22,224.5620291,6.833,FALSE
4,3/09/2012,53.63,3.667,8779.57,602.02,8.53,1103.64,9464.98,130.7413793,4.607,FALSE
5,3/09/2012,57.69,3.669,1842.42,51.27,2,109.67,5043.45,221.6460048,5.943,FALSE
6,3/09/2012,57.89,3.669,7731.19,445.6,4.19,446.42,5729.67,222.6650998,6.132,FALSE
7,3/09/2012,30.1,3.286,12144.9,1178.96,2.18,996.02,2221.16,196.9631599,8.256,FALSE
8,3/09/2012,49.59,3.669,7740.12,269.44,2,509.65,4678.17,224.6110379,5.825,FALSE
9,3/09/2012,54.03,3.669,3923.2,96.52,17.36,990.11,2755.72,224.8046825,5.667,FALSE
10,3/09/2012,57.65,3.963,11265.62,7.9,14.95,919.45,2473.83,130.7413793,7.545,FALSE
11,3/09/2012,61.44,3.669,7634.94,379.04,3.5,1251.85,6147.5,224.5620291,6.833,FALSE
12,3/09/2012,54.54,4.25,8404.29,2192.75,3.91,1479.91,5882.51,130.7413793,12.187,FALSE
13,3/09/2012,38.24,3.38,9173.97,339.05,9.44,1300.75,7479.12,130.7413793,6.104,FALSE
14,3/09/2012,45.52,3.848,15710.87,1050.48,1.49,2302.28,2702.96,190.3359973,8.424,FALSE
15,3/09/2012,36.97,4.021,7926.63,615.68,1.49,2126.98,2194.94,137.5066897,7.943,FALSE
16,3/09/2012,28.16,3.286,5302.57,557.02,3.17,5974.36,3037.04,196.9631599,6.162,FALSE
17,3/09/2012,32.02,3.38,3944.86,104.91,2.16,550.85,3717.62,130.7413793,6.403,FALSE
18,3/09/2012,38.1,3.876,7410.18,368.19,25.46,1852.39,2332.07,137.5066897,8.075,FALSE
19,3/09/2012,38.15,4.021,6724.01,745.75,2.68,1532.63,3952.89,137.5066897,7.943,FALSE
20,3/09/2012,41.14,3.848,10686.42,750.14,3.67,3867.16,3518.62,213.8711137,6.961,FALSE
21,3/09/2012,57.16,3.669,7379.46,190.49,4.79,479.87,7489.48,220.6974332,7.057,FALSE
22,3/09/2012,41.72,3.876,7634.61,348.71,0.5,1351.75,5563.8,141.4742857,7.503,FALSE
23,3/09/2012,33.11,3.876,8575.57,1125.61,5.08,4365.63,2742.87,137.5066897,4.261,FALSE
24,3/09/2012,41.5,4.021,21306.54,1190.23,2.49,34839.93,3932.94,137.5066897,8.659,FALSE
25,3/09/2012,37.44,3.848,11412.9,944.64,0.7,13264.83,3951.01,213.8711137,6.961,FALSE
26,3/09/2012,29.03,3.876,4540.15,480.42,1.98,387.57,3900.33,137.5066897,7.467,FALSE
27,3/09/2012,44.32,4.021,14171.85,917.3,2.2,3614.57,4582.1,141.4742857,8.009,FALSE
28,3/09/2012,54.54,4.25,11431.91,101.02,6.93,2060.55,9332.74,130.7413793,12.187,FALSE
29,3/09/2012,41.72,3.876,5564.21,396.61,NA,531.23,1542.59,137.5066897,8.988,FALSE
30,3/09/2012,57.16,3.669,639.83,NA,0.49,144.18,3286.61,220.6974332,7.057,FALSE
31,3/09/2012,57.16,3.669,6284.13,768.91,2.69,1051.13,8527.38,220.6974332,7.057,FALSE
32,3/09/2012,39.9,3.286,16322.3,1206.5,4.97,17697.9,4305.36,196.9631599,8.256,FALSE
33,3/09/2012,62.2,3.963,128.45,3.68,0.99,NA,1640.64,130.7413793,7.603,FALSE
34,3/09/2012,42.7,3.667,6150.33,209.07,NA,124.83,4638.14,130.7413793,9.653,FALSE
35,3/09/2012,44.32,3.848,16514.65,344.55,68.3,2596.73,2245.26,141.4742857,8.744,FALSE
36,3/09/2012,63.19,3.647,258.89,1.5,0.99,NA,1835.63,219.7437314,7.244,FALSE
37,3/09/2012,63.19,3.669,1024.83,2,10.7,NA,2304.93,219.7437314,7.244,FALSE
38,3/09/2012,54.54,4.25,425.97,1.8,NA,25.6,1751.92,130.7413793,12.187,FALSE
39,3/09/2012,61.64,3.669,5772.82,286.18,3.57,735.05,28766.27,219.7437314,7.244,FALSE
40,3/09/2012,30.58,3.876,12923.38,404.23,0.4,7062.19,3420.25,137.5066897,4.261,FALSE
41,3/09/2012,35.3,3.286,15255.04,285.89,7.74,3203.61,3889.43,196.9631599,6.589,FALSE
42,3/09/2012,57.65,3.963,392.63,1,3.43,2.8,798.38,130.7413793,7.545,FALSE
43,3/09/2012,54.52,3.669,392.09,0.5,NA,NA,1293.41,212.5185936,9.653,FALSE
44,3/09/2012,38.24,3.38,2456.13,1.5,0.49,28.06,691.4,130.7413793,5.774,FALSE
45,3/09/2012,45.52,3.848,11139.34,678.08,1.99,3267.21,4971.47,190.3359973,8.424,FALSE
3,3/16/2012,64,3.734,2588.06,80.89,3.2,909.76,491.83,224.7166953,6.833,FALSE
4,3/16/2012,59.81,3.707,5669.21,37.12,NA,8540.87,2544.94,130.8261935,4.607,FALSE
5,3/16/2012,63.55,3.734,1879.87,30.7,2.24,585.12,1765.08,221.7989713,5.943,FALSE
6,3/16/2012,62.8,3.734,7034.05,103.68,4.59,2231.64,2062.04,222.8186603,6.132,FALSE
7,3/16/2012,37.29,3.486,2980.91,3.28,2.55,3440.61,1127.01,197.0457208,8.256,FALSE
8,3/16/2012,56.63,3.734,4879.04,501.9,6.14,1078.01,1288.81,224.7657327,5.825,FALSE
9,3/16/2012,59.94,3.734,1913.05,1.8,7.33,436.67,14026.36,224.9594902,5.667,FALSE
10,3/16/2012,62.11,4.273,3977.45,-10.5,6.03,1928.5,2273.92,130.8261935,7.545,FALSE
11,3/16/2012,64.21,3.734,7073.59,224.43,4.19,3164.68,2438.5,224.7166953,6.833,FALSE
12,3/16/2012,64.44,4.273,9582.27,731.87,4.02,1589.97,2365.63,130.8261935,12.187,FALSE
13,3/16/2012,52.5,3.529,8901.34,637.7,3.85,6169.81,2446.53,130.8261935,6.104,FALSE
14,3/16/2012,50.56,3.862,6021.47,280.43,5.5,1814.5,1581.84,190.4618964,8.424,FALSE
15,3/16/2012,47.42,4.021,3518.76,104.88,2.98,797.26,1364.77,137.5843871,7.943,FALSE
16,3/16/2012,38.02,3.486,3501.15,0.3,1.33,1396.55,1515.46,197.0457208,6.162,FALSE
17,3/16/2012,43.69,3.529,6373.65,46.13,1.02,1938.3,1278.79,130.8261935,6.403,FALSE
18,3/16/2012,45.84,3.867,9284.23,167.65,4.93,2554.94,2070.14,137.5843871,8.075,FALSE
19,3/16/2012,48.2,4.021,8353.56,84.57,3.04,3175.2,2613.7,137.5843871,7.943,FALSE
20,3/16/2012,53.73,3.862,6745.04,310.32,6.94,3282.4,2895.89,214.0167132,6.961,FALSE
21,3/16/2012,63.39,3.734,6510.79,158.12,5.86,2972.55,6576.96,220.8498468,7.057,FALSE
22,3/16/2012,46.06,3.867,8463.01,51.31,11.36,3719.23,4895.18,141.55478,7.503,FALSE
23,3/16/2012,41.19,3.867,5739.62,110.48,6.03,3380.28,838.7,137.5843871,4.261,FALSE
24,3/16/2012,48.68,4.021,10310.26,920.9,1.02,3250.66,1844.03,137.5843871,8.659,FALSE
25,3/16/2012,50.64,3.862,5366.06,185.14,4.18,845.05,1221.53,214.0167132,6.961,FALSE
26,3/16/2012,35.06,3.867,6977.12,161,3.99,1535.17,2084.52,137.5843871,7.467,FALSE
27,3/16/2012,49.6,4.021,7275.48,175.65,2.96,5193.68,2366.04,141.55478,8.009,FALSE
28,3/16/2012,64.44,4.273,8243.42,44.26,6.68,3641.11,3645.65,130.8261935,12.187,FALSE
29,3/16/2012,46.06,3.867,4383.29,94.3,0.99,642.33,1575.61,137.5843871,8.988,FALSE
30,3/16/2012,63.39,3.734,301.14,NA,NA,NA,2536.55,220.8498468,7.057,FALSE
31,3/16/2012,63.39,3.734,6738.65,801.74,8.13,2047.38,7905.67,220.8498468,7.057,FALSE
32,3/16/2012,51.51,3.486,4050.92,207.8,1.19,72.65,1741.07,197.0457208,8.256,FALSE
33,3/16/2012,65.99,4.273,128.46,3,NA,NA,538.44,130.8261935,7.603,FALSE
34,3/16/2012,48.09,3.707,6104.24,94.31,2.7,479.7,1656.98,130.8261935,9.653,FALSE
35,3/16/2012,49.6,3.862,6972.24,222.12,1.2,1587.92,2214.43,141.55478,8.744,FALSE
36,3/16/2012,67.48,3.779,93.51,1.5,0.34,NA,612.83,219.8956335,7.244,FALSE
37,3/16/2012,67.48,3.734,109.13,4.5,2.38,NA,563.61,219.8956335,7.244,FALSE
38,3/16/2012,64.44,4.273,480.19,0.5,1.02,NA,1158.07,130.8261935,12.187,FALSE
39,3/16/2012,65.81,3.734,4150.56,184.15,6.24,1947.25,13451.44,219.8956335,7.244,FALSE
40,3/16/2012,37.13,3.867,4935.36,176.82,3.85,1392.83,2458.54,137.5843871,4.261,FALSE
41,3/16/2012,47.76,3.486,6504.93,48.97,4.59,3026.39,2020.55,197.0457208,6.589,FALSE
42,3/16/2012,62.11,4.273,438.48,1.5,2.35,NA,2251.09,130.8261935,7.545,FALSE
43,3/16/2012,57.88,3.734,257.14,NA,2.04,NA,631.56,212.6651567,9.653,FALSE
44,3/16/2012,52.5,3.529,260.7,NA,0.99,NA,469.46,130.8261935,5.774,FALSE
45,3/16/2012,50.56,3.862,5811.44,375.7,3.69,3444.05,2706.47,190.4618964,8.424,FALSE
3,3/23/2012,66.53,3.787,737.08,36.1,1.43,92.11,583.9,224.7909104,6.833,FALSE
4,3/23/2012,59.07,3.759,8806.8,-10.5,5.99,739.14,4396.97,130.8966452,4.607,FALSE
5,3/23/2012,64.44,3.787,694.24,32.75,5.59,210.09,775.7,221.8735063,5.943,FALSE
6,3/23/2012,63.71,3.787,4928.84,57.72,10.95,664.8,3968.26,222.8930835,6.132,FALSE
7,3/23/2012,35.06,3.664,8458.87,NA,3.84,293.35,1493.28,197.2295234,8.256,FALSE
8,3/23/2012,52.9,3.787,6155.76,499.11,2.04,403.32,2748.36,224.8399424,5.825,FALSE
9,3/23/2012,58.79,3.787,1681.15,1.8,0.68,414.45,466.42,225.0336786,5.667,FALSE
10,3/23/2012,56.54,4.288,4034.35,3.1,4.08,480.89,2194.51,130.8966452,7.545,FALSE
11,3/23/2012,67.16,3.787,7359.11,297.23,2.04,558.46,3588.44,224.7909104,6.833,FALSE
12,3/23/2012,56.26,4.038,3865.96,1496.18,7.35,1951.11,1440.31,130.8966452,12.187,FALSE
13,3/23/2012,47.83,3.671,3489.61,75.36,2.52,827.19,3427.9,130.8966452,6.104,FALSE
14,3/23/2012,59.45,3.9,4718.7,348.81,6.85,353.11,3726.39,190.5363213,8.424,FALSE
15,3/23/2012,58.92,4.054,7318.86,118.73,0.5,3744.04,1224.93,137.6552903,7.943,FALSE
16,3/23/2012,38.7,3.664,1462.21,2.5,4.43,367.45,1256.65,197.2295234,6.162,FALSE
17,3/23/2012,40.69,3.671,5060.41,42.99,NA,315.1,1399.39,130.8966452,6.403,FALSE
18,3/23/2012,58.06,3.889,4449.37,237.61,6.53,475.59,2848.63,137.6552903,8.075,FALSE
19,3/23/2012,56.72,4.054,6048.55,170.78,1.02,986.74,2684.83,137.6552903,7.943,FALSE
20,3/23/2012,66.11,3.9,3580.87,612.11,7.01,332.11,4032.81,214.0907105,6.961,FALSE
21,3/23/2012,62.96,3.787,4713.76,155.09,2.38,534.23,4878.22,220.9244858,7.057,FALSE
22,3/23/2012,54.68,3.889,5667.37,96.9,8.73,511.14,2598.98,141.6269332,7.503,FALSE
23,3/23/2012,57.82,3.889,3502.06,72.5,6.97,276.39,1541.93,137.6552903,4.261,FALSE
24,3/23/2012,59.51,4.054,5283.83,652.04,3.4,552.16,3402.95,137.6552903,8.659,FALSE
25,3/23/2012,62.7,3.9,3406.88,247.61,0.93,2689.25,1301.78,214.0907105,6.961,FALSE
26,3/23/2012,49.97,3.889,4336.7,150.86,4.59,199.78,2239.64,137.6552903,7.467,FALSE
27,3/23/2012,57.3,4.054,4142.06,506.34,5.17,917.38,3467.03,141.6269332,8.009,FALSE
28,3/23/2012,56.26,4.038,9066.75,48.94,5.91,1040.74,3796.72,130.8966452,12.187,FALSE
29,3/23/2012,54.68,3.889,2826.57,69.69,2.31,538.94,1177.24,137.6552903,8.988,FALSE
30,3/23/2012,62.96,3.787,349.9,0.5,0.34,NA,2099.05,220.9244858,7.057,FALSE
31,3/23/2012,62.96,3.787,4783,70.51,2.38,837.58,6900.79,220.9244858,7.057,FALSE
32,3/23/2012,47.64,3.664,6403.49,147.83,4.54,3324.67,3312.99,197.2295234,8.256,FALSE
33,3/23/2012,60.82,4.288,NA,3.68,0.34,NA,227.12,130.8966452,7.603,FALSE
34,3/23/2012,47.93,3.759,3662.39,107.42,0.59,941.47,1934.93,130.8966452,9.653,FALSE
35,3/23/2012,57.3,3.9,25204.95,107.69,0.25,8359.06,5252.73,141.6269332,8.744,FALSE
36,3/23/2012,69.18,3.845,98.84,NA,1.7,NA,1382.01,219.9705599,7.244,FALSE
37,3/23/2012,69.18,3.787,460.73,NA,0.68,NA,1560.28,219.9705599,7.244,FALSE
38,3/23/2012,56.26,4.038,301.53,NA,2.04,NA,1599.86,130.8966452,12.187,FALSE
39,3/23/2012,67.91,3.787,4355.72,91.37,4.08,305.89,3682.22,219.9705599,7.244,FALSE
40,3/23/2012,52.27,3.889,5767.41,126.67,2.77,179.94,3260.71,137.6552903,4.261,FALSE
41,3/23/2012,44.04,3.664,4605.49,49.08,2.6,1134.03,3631.27,197.2295234,6.589,FALSE
42,3/23/2012,56.54,4.288,2.43,NA,0.68,NA,796.25,130.8966452,7.545,FALSE
43,3/23/2012,56.28,3.787,197.77,NA,1.36,NA,1485.55,212.7396889,9.653,FALSE
44,3/23/2012,47.83,3.671,347.09,3,0.34,NA,303.08,130.8966452,5.774,FALSE
45,3/23/2012,59.45,3.9,6296.25,334.42,4.56,873.47,1201.57,190.5363213,8.424,FALSE
3,3/30/2012,69.36,3.845,825.1,99.83,1.25,113.25,388.39,224.8651254,6.833,FALSE
4,3/30/2012,72.63,3.82,2565.8,442.52,6.5,487.66,4076.68,130.9670968,4.607,FALSE
5,3/30/2012,67.76,3.845,5097.87,25.2,2.7,322.57,1790.31,221.9480412,5.943,FALSE
6,3/30/2012,67.91,3.845,12063.62,6.78,16.5,1859.67,3535.25,222.9675066,6.132,FALSE
7,3/30/2012,44.99,3.75,8460.02,2.4,9.25,385.22,1666.6,197.4133259,8.256,FALSE
8,3/30/2012,66.69,3.845,6052.68,121.67,NA,375.27,1715.7,224.9141521,5.825,FALSE
9,3/30/2012,67.87,3.845,3669.95,15.98,NA,69.02,2049.16,225.107867,5.667,FALSE
10,3/30/2012,67.92,4.294,7388.74,7.8,NA,574.87,4035.49,130.9670968,7.545,FALSE
11,3/30/2012,70.23,3.845,7438.04,190.98,1,1345.08,3504,224.8651254,6.833,FALSE
12,3/30/2012,64.36,4.294,13644.08,115.67,8.34,1885.51,2291.86,130.9670968,12.187,FALSE
13,3/30/2012,53.2,3.734,10556.61,43.54,15.84,1116.83,8179.03,130.9670968,6.104,FALSE
14,3/30/2012,50.04,3.953,11267.8,185.8,8.84,1152.46,2509.18,190.6107463,8.424,FALSE
15,3/30/2012,42.65,4.098,4292.7,72.67,3,1169.95,2965.23,137.7261935,7.943,FALSE
16,3/30/2012,48.29,3.75,3404.77,NA,5,188.8,1133.72,197.4133259,6.162,FALSE
17,3/30/2012,45.29,3.734,8337.43,74.41,6,418.13,3444.54,130.9670968,6.403,FALSE
18,3/30/2012,45.35,3.921,13122.32,267.64,6.93,657.56,2566.75,137.7261935,8.075,FALSE
19,3/30/2012,43.47,4.098,9356.36,134.4,6.75,2056.18,3420.94,137.7261935,7.943,FALSE
20,3/30/2012,51.52,3.953,9569.49,116.47,7.75,1285.42,3908.61,214.1647079,6.961,FALSE
21,3/30/2012,67.87,3.845,12592.65,180.02,NA,1101.6,11593.14,220.9991248,7.057,FALSE
22,3/30/2012,46.4,3.921,11628.21,29.6,3.59,1653.46,3327.97,141.6990864,7.503,FALSE
23,3/30/2012,36.71,3.921,8920.01,116.41,7.09,1010.3,3025.4,137.7261935,4.261,FALSE
24,3/30/2012,47.28,4.098,11314.86,475.99,4,5456.51,1749.37,137.7261935,8.659,FALSE
25,3/30/2012,47.92,3.953,10660.1,225.11,1.5,2560.04,4748.1,214.1647079,6.961,FALSE
26,3/30/2012,33.33,3.921,8827.14,169.73,12.75,981.6,3196.41,137.7261935,7.467,FALSE
27,3/30/2012,49.4,4.098,12705.56,180.11,7.59,2943.99,3495.93,141.6990864,8.009,FALSE
28,3/30/2012,64.36,4.294,11704.17,57.61,11.85,1537.38,2536.67,130.9670968,12.187,FALSE
29,3/30/2012,46.4,3.921,4713.53,42.04,1.5,266.03,915.19,137.7261935,8.988,FALSE
30,3/30/2012,67.87,3.845,380.37,0.5,NA,NA,1080.75,220.9991248,7.057,FALSE
31,3/30/2012,67.87,3.845,9546.49,584.62,-1,1334.23,3691.1,220.9991248,7.057,FALSE
32,3/30/2012,56.09,3.75,10428.62,144.83,7.84,1505.63,3306.98,197.4133259,8.256,FALSE
33,3/30/2012,71.34,4.294,215.97,NA,NA,NA,923.99,130.9670968,7.603,FALSE
34,3/30/2012,59.29,3.82,7866.57,104.84,5.59,28.76,1979.96,130.9670968,9.653,FALSE
35,3/30/2012,49.4,3.953,19560.85,77.41,7.4,4081.77,3629.96,141.6990864,8.744,FALSE
36,3/30/2012,70.48,3.891,40.28,0.5,NA,NA,440.54,220.0454862,7.244,FALSE
37,3/30/2012,70.48,3.845,41.95,0.5,NA,NA,619.87,220.0454862,7.244,FALSE
38,3/30/2012,64.36,4.294,212.26,0.5,NA,28.77,1121.52,130.9670968,12.187,FALSE
39,3/30/2012,69.11,3.845,8547.51,93.82,NA,998.98,15532.43,220.0454862,7.244,FALSE
40,3/30/2012,36.25,3.921,7182.51,120.76,9.34,2017.53,2449.78,137.7261935,4.261,FALSE
41,3/30/2012,51.56,3.75,5694.25,9.66,7.09,1677.31,2419.34,197.4133259,6.589,FALSE
42,3/30/2012,67.92,4.294,341,1.5,NA,21.94,1431.13,130.9670968,7.545,FALSE
43,3/30/2012,69.88,3.845,144.85,NA,NA,NA,470.29,212.8142212,9.653,FALSE
44,3/30/2012,53.2,3.734,87.86,NA,NA,2.36,1215.48,130.9670968,5.774,FALSE
45,3/30/2012,50.04,3.953,9866.15,206.18,3.25,1815.37,1561.56,190.6107463,8.424,FALSE
3,4/06/2012,73.01,3.891,4433.71,NA,24.45,1282.3,1062.83,224.9393405,6.664,FALSE
4,4/06/2012,67.69,3.864,11341.17,NA,73.38,5677.89,7821.95,131.0375484,4.308,FALSE
5,4/06/2012,70.4,3.891,5174.35,NA,6.48,1489.1,2264.89,222.0225762,5.801,FALSE
6,4/06/2012,71.6,3.891,9199.63,NA,24.6,4044.88,4314.27,223.0419298,5.964,FALSE
7,4/06/2012,44.29,3.854,7550.89,NA,21.98,1156.2,3500.91,197.5971285,8.09,FALSE
8,4/06/2012,62.18,3.891,6821.13,NA,27.04,2101.86,3627.77,224.9883618,5.679,FALSE
9,4/06/2012,68.83,3.891,4876.77,NA,10,1201.8,8545.16,225.1820555,5.539,FALSE
10,4/06/2012,65.99,4.282,9256,NA,23.74,4802.15,8553.67,131.0375484,7.382,FALSE
11,4/06/2012,74.19,3.891,10760.37,NA,45.34,4048.21,5596.73,224.9393405,6.664,FALSE
12,4/06/2012,64.05,4.121,11772.46,NA,61.63,3885.06,4225.11,131.0375484,11.627,FALSE
13,4/06/2012,48.85,3.793,9249.62,NA,59.94,3969.24,6016.86,131.0375484,5.965,FALSE
14,4/06/2012,49.73,3.996,8376.85,NA,81.19,3578.4,4857.19,190.6851712,8.567,FALSE
15,4/06/2012,40.01,4.143,8567.95,NA,46.32,1144.78,3518.73,137.7970968,8.15,FALSE
16,4/06/2012,48.93,3.854,7612.73,NA,43.82,897.11,5294.18,197.5971285,6.169,FALSE
17,4/06/2012,43.92,3.793,11072.17,NA,43.74,2299.75,4192.05,131.0375484,6.235,FALSE
18,4/06/2012,43.8,3.957,7879.75,NA,43.89,3186.17,5337.91,137.7970968,8.304,FALSE
19,4/06/2012,40.23,4.143,9337.26,NA,52.59,2949.23,5996.69,137.7970968,8.15,FALSE
20,4/06/2012,50.06,3.996,8408.31,12.57,50.79,4289.46,7382.25,214.2387053,7.139,FALSE
21,4/06/2012,69.02,3.891,14207.85,NA,6.99,3662.26,1615.27,221.0737638,6.891,FALSE
22,4/06/2012,46.38,3.957,8593.09,NA,17.67,1946.99,5729.6,141.7712396,7.671,FALSE
23,4/06/2012,37.43,3.957,8261.41,NA,60,3647.54,3494.82,137.7970968,4.125,FALSE
24,4/06/2012,45.25,4.143,24195.01,NA,59.68,3082.34,5170.39,137.7970968,8.983,FALSE
25,4/06/2012,44.73,3.996,10782.56,NA,25.79,1973.99,4389.28,214.2387053,7.139,FALSE
26,4/06/2012,33.35,3.957,8674.08,NA,33.85,1128.16,3852.6,137.7970968,7.489,FALSE
27,4/06/2012,48.73,4.143,10800.82,NA,101.35,3079.87,5692.72,141.7712396,8.253,FALSE
28,4/06/2012,64.05,4.121,9368.15,NA,35.75,2580.09,8313.39,131.0375484,11.627,FALSE
29,4/06/2012,46.38,3.957,9650.62,NA,10.77,1831.88,4732.84,137.7970968,9.14,FALSE
30,4/06/2012,69.02,3.891,21.39,NA,4.09,NA,2364.16,221.0737638,6.891,FALSE
31,4/06/2012,69.02,3.891,12625.17,399,21.86,3623.01,16629.1,221.0737638,6.891,FALSE
32,4/06/2012,51.49,3.854,9335.48,NA,33.85,2211.09,4133.57,197.5971285,8.09,FALSE
33,4/06/2012,70.75,4.282,228.1,NA,NA,NA,321.7,131.0375484,7.396,FALSE
34,4/06/2012,54.42,3.864,6570.6,NA,37.31,2558.69,5479.81,131.0375484,9.575,FALSE
35,4/06/2012,48.73,3.996,9093.04,NA,10.27,2383.68,4858.77,141.7712396,8.876,FALSE
36,4/06/2012,73.95,3.934,375.2,NA,NA,12.41,1398.67,220.1204125,6.989,FALSE
37,4/06/2012,73.95,3.891,16.33,NA,24.05,NA,2119.5,220.1204125,6.989,FALSE
38,4/06/2012,64.05,4.121,24.75,NA,10.47,NA,1495.97,131.0375484,11.627,FALSE
39,4/06/2012,73.49,3.891,9057.89,NA,46.4,3572.95,15694.32,220.1204125,6.989,FALSE
40,4/06/2012,36.54,3.957,9295.46,NA,43.35,1876.1,6042.42,137.7970968,4.125,FALSE
41,4/06/2012,48.48,3.854,6660.45,NA,49.15,2126.59,6791.05,197.5971285,6.547,FALSE
42,4/06/2012,65.99,4.282,2.12,NA,34.23,NA,250.62,131.0375484,7.382,FALSE
43,4/06/2012,64.7,3.891,177.39,NA,12.17,NA,1479.85,212.8887535,9.575,FALSE
44,4/06/2012,48.85,3.793,253.38,NA,11.76,NA,512.25,131.0375484,5.621,FALSE
45,4/06/2012,49.73,3.996,13450.45,NA,26.59,3363.54,3962.01,190.6851712,8.567,FALSE
3,4/13/2012,72.83,3.891,5359.22,1673.42,3,682.03,1371.55,225.0135556,6.664,FALSE
4,4/13/2012,68.69,3.881,12506.74,5941.43,30.84,3915.29,4392.95,131.108,4.308,FALSE
5,4/13/2012,70.56,3.891,1562.33,758.49,NA,206,1642.42,222.0971111,5.801,FALSE
6,4/13/2012,71.29,3.891,4634.18,6968.14,18.04,1544.21,2875.46,223.1163529,5.964,FALSE
7,4/13/2012,41.43,3.901,1662.2,1555.57,15.47,776.66,1377.63,197.780931,8.09,FALSE
8,4/13/2012,65.19,3.891,7627.83,4689.55,4.2,940.82,1723.28,225.0625714,5.679,FALSE
9,4/13/2012,69.19,3.891,4939.14,856.32,NA,290.87,807,225.2562439,5.539,FALSE
10,4/13/2012,70.28,4.254,7299.64,10818.3,27.47,3675.97,1148.04,131.108,7.382,FALSE
11,4/13/2012,72.74,3.891,8906.38,4722.18,9.86,1412.83,2772.79,225.0135556,6.664,FALSE
12,4/13/2012,64.28,4.254,9681.11,2934.51,14.08,1944.35,3103.61,131.108,11.627,FALSE
13,4/13/2012,51.7,3.833,7419.44,19610.52,54.65,3021.51,3374.9,131.108,5.965,FALSE
14,4/13/2012,51.83,4.044,5236.77,13739.76,51.75,984.02,2638.42,190.7595962,8.567,FALSE
15,4/13/2012,43.52,4.187,3408.63,3269.14,13.58,1547.19,1809.75,137.868,8.15,FALSE
16,4/13/2012,45.83,3.901,3532.73,1368.42,22,214.95,1983.5,197.780931,6.169,FALSE
17,4/13/2012,46.94,3.833,2328.03,6989.17,3.6,895.75,1545.65,131.108,6.235,FALSE
18,4/13/2012,47.75,4.025,5798.35,9592.28,11.72,1492.2,2261.14,137.868,8.304,FALSE
19,4/13/2012,44.42,4.187,5254.86,12590.76,22.55,1818.94,3264.93,137.868,8.15,FALSE
20,4/13/2012,45.68,4.044,9671.84,7934.59,68.02,2515.97,2667.15,214.3127027,7.139,FALSE
21,4/13/2012,69.03,3.891,6932.19,4118.13,2.79,983.98,1285.54,221.1484028,6.891,FALSE
22,4/13/2012,49.89,4.025,5981.5,10877.85,9.5,1633.96,1932.86,141.8433929,7.671,FALSE
23,4/13/2012,41.81,4.025,4460.9,4852.66,25.17,2064.48,1879.86,137.868,4.125,FALSE
24,4/13/2012,48.65,4.187,4765.31,5896.55,57.4,1204.7,3980.37,137.868,8.983,FALSE
25,4/13/2012,42.46,4.044,5432.06,4239.57,8.35,789.18,1044.74,214.3127027,7.139,FALSE
26,4/13/2012,36.9,4.025,3766.78,2941.14,24.34,1103.96,2536.7,137.868,7.489,FALSE
27,4/13/2012,52.22,4.187,5139.48,4770.63,53.84,1532.47,4176.9,141.8433929,8.253,FALSE
28,4/13/2012,64.28,4.254,8478.14,5630.15,20.53,2457.88,9394.39,131.108,11.627,FALSE
29,4/13/2012,49.89,4.025,2015.59,4370.68,2.75,424.21,1595.7,137.868,9.14,FALSE
30,4/13/2012,69.03,3.891,48.96,856.15,12,NA,699.85,221.1484028,6.891,FALSE
31,4/13/2012,69.03,3.891,6352.11,4720.65,13.89,1482.03,3076.8,221.1484028,6.891,FALSE
32,4/13/2012,52.1,3.901,5599.64,5969.12,25.75,1440.58,4523.31,197.780931,8.09,FALSE
33,4/13/2012,73.17,4.254,492.15,335.84,NA,NA,1369.05,131.108,7.396,FALSE
34,4/13/2012,59.12,3.881,5146.78,3729.58,14.82,799.06,1563.6,131.108,9.575,FALSE
35,4/13/2012,52.22,4.044,4697.48,4222.33,10.5,1903.35,1156.1,141.8433929,8.876,FALSE
36,4/13/2012,72.54,3.919,85.47,651.77,NA,NA,487.07,220.1953389,6.989,FALSE
37,4/13/2012,72.54,3.891,303.63,621.72,1.9,NA,2429.1,220.1953389,6.989,FALSE
38,4/13/2012,64.28,4.254,59.68,696.42,12.37,17.82,1410.31,131.108,11.627,FALSE
39,4/13/2012,71.59,3.891,5032.34,3521.71,15.9,1241.57,10538.44,220.1953389,6.989,FALSE
40,4/13/2012,40.65,4.025,3668.82,4728.85,34.1,1320.78,1820.75,137.868,4.125,FALSE
41,4/13/2012,46.84,3.901,8316.49,3192.24,24.23,2770.63,3631.39,197.780931,6.547,FALSE
42,4/13/2012,70.28,4.254,146.91,848.67,14.51,NA,1191.9,131.108,7.382,FALSE
43,4/13/2012,70.18,3.891,150.15,1125.71,4.49,NA,407.12,212.9632857,9.575,FALSE
44,4/13/2012,51.7,3.833,16.49,1118.27,18.08,NA,1460.89,131.108,5.621,FALSE
45,4/13/2012,51.83,4.044,4736.94,6047.12,16.68,1355.11,2246.12,190.7595962,8.567,FALSE
3,4/20/2012,72.05,3.877,2784.82,130.68,1.75,425.29,904.8,225.0689541,6.664,FALSE
4,4/20/2012,68.6,3.864,2774.39,4279.41,43.43,2409.97,4544.22,131.1173333,4.308,FALSE
5,4/20/2012,67.33,3.877,1197.53,225.78,3,247.94,1499.51,222.1512315,5.801,FALSE
6,4/20/2012,68.64,3.877,2326.27,2591.86,14.79,81.42,3663.48,223.17092,5.964,FALSE
7,4/20/2012,39.3,3.936,2114.64,863.38,14.21,549.62,1509.05,197.7227385,8.09,FALSE
8,4/20/2012,63.59,3.877,3600.79,2105.64,4.9,1768.65,14945.23,225.1179914,5.679,FALSE
9,4/20/2012,68.04,3.877,910.31,121.25,2,265.55,1146.34,225.3117488,5.539,FALSE
10,4/20/2012,67.75,4.111,4973.95,4561.31,5.17,1953.72,3653.48,131.1173333,7.382,FALSE
11,4/20/2012,71.97,3.877,7906.21,68.22,1.44,393.55,4854.79,225.0689541,6.664,FALSE
12,4/20/2012,66.73,4.222,8679.29,1265.97,7.7,878.01,4358.86,131.1173333,11.627,FALSE
13,4/20/2012,50.24,3.845,22464.84,8216.22,70.45,1561.38,7307.24,131.1173333,5.965,FALSE
14,4/20/2012,63.13,4.027,32124.49,6870.09,100.15,2213.04,3706.04,190.8138013,8.567,FALSE
15,4/20/2012,54.47,4.17,4577.67,1678.35,5.9,1094.79,1830.84,137.9230667,8.15,FALSE
16,4/20/2012,43.61,3.936,2479.18,582.08,22.92,558.25,1659.22,197.7227385,6.169,FALSE
17,4/20/2012,47.69,3.845,2570.29,1288.35,2.1,341.52,2157.85,131.1173333,6.235,FALSE
18,4/20/2012,60.88,4.046,9959.48,11361.33,10.57,203.57,2562.42,137.9230667,8.304,FALSE
19,4/20/2012,55.2,4.17,6304.48,5712.68,34.16,1321.97,3751.92,137.9230667,8.15,FALSE
20,4/20/2012,60.11,4.027,7522.16,5650.88,67.26,1066.17,4006,214.3675045,7.139,FALSE
21,4/20/2012,66.97,3.877,3738.69,3287.37,0.77,894.38,2882.6,221.2021074,6.891,FALSE
22,4/20/2012,58.81,4.046,7200.16,6519.27,14.55,54.25,3897.67,141.9015262,7.671,FALSE
23,4/20/2012,56.55,4.046,2438.53,6551.03,30.84,502.31,4874.16,137.9230667,4.125,FALSE
24,4/20/2012,61.05,4.17,10959.96,3425.69,79.48,1682.87,4506.82,137.9230667,8.983,FALSE
25,4/20/2012,57.1,4.027,4862.43,2190.68,9.16,787.22,2870.05,214.3675045,7.139,FALSE
26,4/20/2012,50.81,4.046,3275.87,865.21,36.58,154.69,3169.48,137.9230667,7.489,FALSE
27,4/20/2012,62.62,4.17,12507.63,2681.1,99.95,1433.43,3244.98,141.9015262,8.253,FALSE
28,4/20/2012,66.73,4.222,5343.29,3895.86,17.32,657.56,4674.67,131.1173333,11.627,FALSE
29,4/20/2012,58.81,4.046,2087.5,1908.99,9.68,234.05,1581.26,137.9230667,9.14,FALSE
30,4/20/2012,66.97,3.877,72.85,692.6,0.7,NA,369.74,221.2021074,6.891,FALSE
31,4/20/2012,66.97,3.877,8373.31,645.86,16.05,311.94,7709.86,221.2021074,6.891,FALSE
32,4/20/2012,49.15,3.936,7666.76,2726.52,30.46,1330.36,2578.3,197.7227385,8.09,FALSE
33,4/20/2012,72.94,4.111,470.51,119.92,NA,128.87,284.28,131.1173333,7.396,FALSE
34,4/20/2012,55.34,3.864,1397.43,2573.19,18.46,70.76,2761.17,131.1173333,9.575,FALSE
35,4/20/2012,62.62,4.027,2095.31,4447.75,6.05,149.91,2504.7,141.9015262,8.876,FALSE
36,4/20/2012,70.87,3.918,177.77,317.91,NA,231.31,1473.96,220.2483937,6.989,FALSE
37,4/20/2012,70.87,3.877,125,32.57,6.3,NA,3201.88,220.2483937,6.989,FALSE
38,4/20/2012,66.73,4.222,1307.69,5.67,5.6,140.87,1255.59,131.1173333,11.627,FALSE
39,4/20/2012,70.04,3.877,5206.6,207.27,0.2,318.73,5241.86,220.2483937,6.989,FALSE
40,4/20/2012,55.3,4.046,3255.99,1157.63,25.59,340.56,3376.98,137.9230667,4.125,FALSE
41,4/20/2012,43.57,3.936,3677.88,1165.88,37.89,297.31,2227.25,197.7227385,6.547,FALSE
42,4/20/2012,67.75,4.111,82.23,169.55,16.1,NA,642.71,131.1173333,7.382,FALSE
43,4/20/2012,67.28,3.877,239.84,1777.55,5.6,86.89,870.6,213.0130524,9.575,FALSE
44,4/20/2012,50.24,3.845,58.34,0.73,7.7,NA,402.9,131.1173333,5.621,FALSE
45,4/20/2012,63.13,4.027,9210.9,2667.05,6.25,970.33,2568.22,190.8138013,8.567,FALSE
3,4/27/2012,73.39,3.814,1178.7,NA,2.95,36.5,351.97,225.1243526,6.664,FALSE
4,4/27/2012,76.47,3.81,3993.66,97.77,26.68,113.37,3947.45,131.1266667,4.308,FALSE
5,4/27/2012,68.96,3.814,1127.44,NA,5.05,33.35,2598.67,222.2053519,5.801,FALSE
6,4/27/2012,71.5,3.814,2564.41,1.49,15.54,9.94,2556.36,223.2254871,5.964,FALSE
7,4/27/2012,51.49,3.927,819.48,NA,45.94,49.82,1209.89,197.664546,8.09,FALSE
8,4/27/2012,70.34,3.814,5440.25,1.5,2.2,15.6,3302.44,225.1734114,5.679,FALSE
9,4/27/2012,73.07,3.814,409.76,NA,0.4,7.88,7179.53,225.3672537,5.539,FALSE
10,4/27/2012,80.11,4.088,3444.43,1.5,3.39,124.18,2906.22,131.1266667,7.382,FALSE
11,4/27/2012,73.4,3.814,1824.41,1.41,1.48,NA,5826.68,225.1243526,6.664,FALSE
12,4/27/2012,77.99,4.193,2936.01,336.39,26.18,613.65,740.83,131.1266667,11.627,FALSE
13,4/27/2012,64.8,3.842,4626.7,0.11,67.16,104.18,3280.73,131.1266667,5.965,FALSE
14,4/27/2012,53.2,4.004,3548.09,0.35,45.88,78.21,4193.26,190.8680064,8.567,FALSE
15,4/27/2012,41.57,4.163,1863.53,NA,9.82,192.32,1271.7,137.9781333,8.15,FALSE
16,4/27/2012,59.69,3.927,3351.91,205.74,16.41,366.79,2049.94,197.664546,6.169,FALSE
17,4/27/2012,59.11,3.842,1832.86,NA,1.62,8.94,2211.39,131.1266667,6.235,FALSE
18,4/27/2012,50.43,4.023,2255.05,5.83,23.93,17.92,1445.88,137.9781333,8.304,FALSE
19,4/27/2012,42.45,4.163,3735.3,-265.76,52.82,67.72,2959.27,137.9781333,8.15,FALSE
20,4/27/2012,47.64,4.004,2332.34,2.82,41.39,28.04,3318.17,214.4223063,7.139,FALSE
21,4/27/2012,69.21,3.814,2262.49,4.23,2.77,14,2289.63,221.255812,6.891,FALSE
22,4/27/2012,51.42,4.023,2573.49,0.18,6.31,247.76,2140.08,141.9596595,7.671,FALSE
23,4/27/2012,44.62,4.023,2622.72,1325.48,27.04,2,2132.69,137.9781333,4.125,FALSE
24,4/27/2012,49.26,4.163,12968.26,729.55,39.25,1121.45,15101.9,137.9781333,8.983,FALSE
25,4/27/2012,44.2,4.004,4318.51,5.24,5.83,62.58,1828.28,214.4223063,7.139,FALSE
26,4/27/2012,43.6,4.023,1946.7,32.65,21.62,24.1,2152.4,137.9781333,7.489,FALSE
27,4/27/2012,52.33,4.163,6408.19,901.65,58.56,51.97,2182.32,141.9596595,8.253,FALSE
28,4/27/2012,77.99,4.193,3003.61,564.36,16.11,35.54,3226.41,131.1266667,11.627,FALSE
29,4/27/2012,51.42,4.023,1238.43,NA,6.62,58.84,1407.86,137.9781333,9.14,FALSE
30,4/27/2012,69.21,3.814,60.07,NA,3.21,NA,1112.14,221.255812,6.891,FALSE
31,4/27/2012,69.21,3.814,2973.44,-0.91,10.16,542.5,9196.82,221.255812,6.891,FALSE
32,4/27/2012,61.76,3.927,4162.67,126.71,45.62,382.41,2146.94,197.664546,8.09,FALSE
33,4/27/2012,83.07,4.088,476.96,8.97,NA,0.87,537.58,131.1266667,7.396,FALSE
34,4/27/2012,66.49,3.81,5573.52,886.23,8.87,338.1,2014.84,131.1266667,9.575,FALSE
35,4/27/2012,52.33,4.004,6477.02,1050.49,7.43,1123.9,1681.46,141.9596595,8.876,FALSE
36,4/27/2012,70.06,3.888,252.98,36.03,NA,NA,6621.24,220.3014485,6.989,FALSE
37,4/27/2012,70.06,3.814,259.23,NA,7.58,NA,861.14,220.3014485,6.989,FALSE
38,4/27/2012,77.99,4.193,439.84,NA,2.83,NA,1244.18,131.1266667,11.627,FALSE
39,4/27/2012,69.11,3.814,5821.79,NA,-0.2,164.58,8663.37,220.3014485,6.989,FALSE
40,4/27/2012,47.51,4.023,2283.4,0.33,24.94,235.22,3113.29,137.9781333,4.125,FALSE
41,4/27/2012,57.66,3.927,2984.54,7.76,203.99,39.75,3068.81,197.664546,6.547,FALSE
42,4/27/2012,80.11,4.088,685.44,NA,12.09,NA,512.76,131.1266667,7.382,FALSE
43,4/27/2012,78.27,3.814,251.26,NA,1.98,NA,719.56,213.062819,9.575,FALSE
44,4/27/2012,64.8,3.842,2489.9,NA,3.98,16.6,821.26,131.1266667,5.621,FALSE
45,4/27/2012,53.2,4.004,2872.86,0.03,37.12,74.97,2495.29,190.8680064,8.567,FALSE
3,5/04/2012,79.51,3.749,2430.23,NA,30.92,1159.71,1432.53,225.1797511,6.664,FALSE
4,5/04/2012,80.14,3.747,13737.91,NA,93.65,6993.97,4541.89,131.136,4.308,FALSE
5,5/04/2012,77.1,3.749,6396.61,NA,83.63,1183.64,2813.83,222.2594722,5.801,FALSE
6,5/04/2012,77.66,3.749,13643.53,266,117.27,5455.98,2773.56,223.2800541,5.964,FALSE
7,5/04/2012,45.38,3.903,6018.32,NA,69.97,1590.01,1521.53,197.6063534,8.09,FALSE
8,5/04/2012,73.96,3.749,12807.63,NA,260.55,3338.11,2197.51,225.2288314,5.679,FALSE
9,5/04/2012,78.98,3.749,5917.56,NA,68,969.06,647.76,225.4227585,5.539,FALSE
10,5/04/2012,77.02,4.058,18275.88,NA,21.31,4872.45,2722.29,131.136,7.382,FALSE
11,5/04/2012,79.07,3.749,17975.32,NA,160.84,9298.85,4109.98,225.1797511,6.664,FALSE
12,5/04/2012,76.03,4.171,10073.64,NA,76.29,1671.53,3721.62,131.136,11.627,FALSE
13,5/04/2012,54.41,3.831,15589.85,NA,337.47,7557.14,5025.28,131.136,5.965,FALSE
14,5/04/2012,55.21,3.951,21068.05,NA,128.13,5490.93,2764.55,190.9222115,8.567,FALSE
15,5/04/2012,51.04,4.124,8300.37,NA,110.97,3056.54,1610.94,138.0332,8.15,FALSE
16,5/04/2012,51.34,3.903,3332.89,NA,35.34,766.61,2282.68,197.6063534,6.169,FALSE
17,5/04/2012,48.86,3.831,10140.57,NA,181.65,2709.84,1859.33,131.136,6.235,FALSE
18,5/04/2012,49.66,3.991,13737.74,NA,39.54,4131.8,3521.29,138.0332,8.304,FALSE
19,5/04/2012,50.76,4.124,21028.84,532,122.17,7269.47,2609.22,138.0332,8.15,FALSE
20,5/04/2012,62.74,3.951,24594.6,496,38.52,9381.13,4648.85,214.4771081,7.139,FALSE
21,5/04/2012,77.53,3.749,14858.74,NA,8.12,4179.63,3281.61,221.3095166,6.891,FALSE
22,5/04/2012,50.75,3.991,21823.53,NA,37.87,6586.49,1565.11,142.0177929,7.671,FALSE
23,5/04/2012,45.88,3.991,9941.93,NA,99.93,4899.79,2841.41,138.0332,4.125,FALSE
24,5/04/2012,52.14,4.124,19129.69,192,195.04,5860.88,4953.15,138.0332,8.983,FALSE
25,5/04/2012,58.76,3.951,7221.1,NA,112.95,2512.32,1777.09,214.4771081,7.139,FALSE
26,5/04/2012,40.29,3.991,11484.78,NA,78.04,2449.14,2488.39,138.0332,7.489,FALSE
27,5/04/2012,53.68,4.124,19913.55,NA,213.38,5895.46,4687.08,142.0177929,8.253,FALSE
28,5/04/2012,76.03,4.171,16196.98,NA,45.99,2938.52,8176.03,131.136,11.627,FALSE
29,5/04/2012,50.75,3.991,5067.27,NA,12.59,1773.6,1695.58,138.0332,9.14,FALSE
30,5/04/2012,77.53,3.749,1136.36,NA,19.09,14.33,2003.64,221.3095166,6.891,FALSE
31,5/04/2012,77.53,3.749,13819.53,NA,116.3,4932.07,4528.81,221.3095166,6.891,FALSE
32,5/04/2012,58.29,3.903,11832.54,NA,117.43,1881.84,4729.13,197.6063534,8.09,FALSE
33,5/04/2012,82.43,4.058,69.59,NA,NA,NA,709.35,131.136,7.396,FALSE
34,5/04/2012,65.04,3.747,6219.31,NA,69.88,2597.74,3522.31,131.136,9.575,FALSE
35,5/04/2012,53.68,3.951,13647.64,NA,9.87,6114.76,4853.52,142.0177929,8.876,FALSE
36,5/04/2012,77.17,3.835,621.82,NA,NA,18.38,1191.47,220.3545033,6.989,FALSE
37,5/04/2012,77.17,3.749,276.27,NA,14.9,NA,671.64,220.3545033,6.989,FALSE
38,5/04/2012,76.03,4.171,84.67,NA,13.06,NA,2346.63,131.136,11.627,FALSE
39,5/04/2012,77.15,3.749,15959.12,NA,30.12,3483.71,12856.15,220.3545033,6.989,FALSE
40,5/04/2012,44.47,3.991,11685.51,NA,78.21,3129.14,3364.41,138.0332,4.125,FALSE
41,5/04/2012,52.86,3.903,10188.76,NA,308.08,5903.45,2996.97,197.6063534,6.547,FALSE
42,5/04/2012,77.02,4.058,163.43,NA,18.34,NA,935.36,131.136,7.382,FALSE
43,5/04/2012,77.47,3.749,364.76,NA,9.06,NA,949.81,213.1125857,9.575,FALSE
44,5/04/2012,54.41,3.831,513.1,NA,8.62,NA,529.55,131.136,5.621,FALSE
45,5/04/2012,55.21,3.951,11984.62,NA,47.52,6150.63,1775.54,190.9222115,8.567,FALSE
3,5/11/2012,75.19,3.688,3794.95,NA,0.25,813.77,618.46,225.2351496,6.664,FALSE
4,5/11/2012,67.64,3.685,20499.88,86,103.05,5005.96,3815.16,131.1453333,4.308,FALSE
5,5/11/2012,73.45,3.688,4668.2,NA,42.75,709.19,1740.42,222.3135926,5.801,FALSE
6,5/11/2012,72.66,3.688,10658.74,NA,133.22,3312.9,9700.64,223.3346212,5.964,FALSE
7,5/11/2012,48.54,3.87,24426.8,NA,4.8,402.53,2012.64,197.5481609,8.09,FALSE
8,5/11/2012,64.96,3.688,10852.45,NA,3.82,1425.65,2545.79,225.2842514,5.679,FALSE
9,5/11/2012,70.94,3.688,4727.8,NA,1.04,356.78,1077.81,225.4782634,5.539,FALSE
10,5/11/2012,76.03,4.186,10837.25,NA,105.67,4736.02,2747.36,131.1453333,7.382,FALSE
11,5/11/2012,75.13,3.688,15656.23,NA,21.7,4600.43,3707.51,225.2351496,6.664,FALSE
12,5/11/2012,77.27,4.186,13083.53,NA,8.54,1378.68,2071.31,131.1453333,11.627,FALSE
13,5/11/2012,56.47,3.809,14566.92,86,60.34,6009.18,4224.91,131.1453333,5.965,FALSE
14,5/11/2012,61.24,3.889,10626.27,NA,131.11,1664.04,10557.13,190.9764167,8.567,FALSE
15,5/11/2012,54.23,4.055,11017,NA,11.17,1287.37,2683.72,138.0882667,8.15,FALSE
16,5/11/2012,53.57,3.87,4814.92,NA,61.11,343.64,837.48,197.5481609,6.169,FALSE
17,5/11/2012,49.96,3.809,6288.63,NA,22.59,997.55,1266.73,131.1453333,6.235,FALSE
18,5/11/2012,57.44,3.947,11557.93,NA,89.44,1570.63,3911.58,138.0882667,8.304,FALSE
19,5/11/2012,55.33,4.055,10882.1,NA,30.22,1751.72,3236.51,138.0882667,8.15,FALSE
20,5/11/2012,63.19,3.889,17598.62,NA,19.51,2889.48,3242.44,214.5319099,7.139,FALSE
21,5/11/2012,74.14,3.688,9252.47,NA,5.16,2908.8,2619.09,221.3632212,6.891,FALSE
22,5/11/2012,56.72,3.947,16294.31,NA,100.09,3370.19,3482.48,142.0759262,7.671,FALSE
23,5/11/2012,52.9,3.947,8839.9,NA,58.82,1419.42,2237.57,138.0882667,4.125,FALSE
24,5/11/2012,58.7,4.055,6503.15,-192,97.28,1798.06,1286.62,138.0882667,8.983,FALSE
25,5/11/2012,59.21,3.889,16186.46,NA,23.05,4625.4,2037.11,214.5319099,7.139,FALSE
26,5/11/2012,47.11,3.947,8655.96,NA,108.57,842.81,2803.07,138.0882667,7.489,FALSE
27,5/11/2012,58.97,4.055,10864.63,NA,244.98,2261.45,2840.03,142.0759262,8.253,FALSE
28,5/11/2012,77.27,4.186,14847.64,392,84.72,4190.88,5556.15,131.1453333,11.627,FALSE
29,5/11/2012,56.72,3.947,6606.84,NA,7.15,477.96,2857.52,138.0882667,9.14,FALSE
30,5/11/2012,74.14,3.688,701.89,NA,2.28,NA,1487.23,221.3632212,6.891,FALSE
31,5/11/2012,74.14,3.688,13797.91,NA,8.64,2960.85,3794.93,221.3632212,6.891,FALSE
32,5/11/2012,55.4,3.87,17977.87,NA,26.79,4338.3,3488.39,197.5481609,8.09,FALSE
33,5/11/2012,81.02,4.186,758.77,NA,NA,NA,2001.77,131.1453333,7.396,FALSE
34,5/11/2012,61.92,3.685,11342.48,NA,29.11,1214.28,1983.03,131.1453333,9.575,FALSE
35,5/11/2012,58.97,3.889,12297.04,NA,10.76,1040,2355.67,142.0759262,8.876,FALSE
36,5/11/2012,76.55,3.764,475.61,NA,NA,NA,818.06,220.4075581,6.989,FALSE
37,5/11/2012,76.55,3.688,333.98,NA,0.7,NA,1500.11,220.4075581,6.989,FALSE
38,5/11/2012,77.27,4.186,930.96,NA,3.2,NA,2105.16,131.1453333,11.627,FALSE
39,5/11/2012,75.52,3.688,8891.08,NA,8.34,4182.79,3506.41,220.4075581,6.989,FALSE
40,5/11/2012,52.06,3.947,7071.55,NA,408.25,1175.76,4204.96,138.0882667,4.125,FALSE
41,5/11/2012,50.22,3.87,8490.06,NA,250.13,2998.16,4051.18,197.5481609,6.547,FALSE
42,5/11/2012,76.03,4.186,312.29,NA,4,NA,1445.4,131.1453333,7.382,FALSE
43,5/11/2012,67.59,3.688,25.3,NA,2.16,NA,494.05,213.1623524,9.575,FALSE
44,5/11/2012,56.47,3.809,529.2,NA,2.1,NA,1064.56,131.1453333,5.621,FALSE
45,5/11/2012,61.24,3.889,12611.18,NA,21.36,1667.39,2313.12,190.9764167,8.567,FALSE
3,5/18/2012,72.38,3.63,3208.73,NA,0.3,143.23,805.06,225.2512024,6.664,FALSE
4,5/18/2012,68.43,3.62,6531.12,NA,99.91,2290.18,2521.84,131.0983226,4.308,FALSE
5,5/18/2012,70.45,3.63,2639.05,NA,65.34,243.73,2119.63,222.330443,5.801,FALSE
6,5/18/2012,70.5,3.63,6414.56,NA,52.03,495.43,2991.72,223.3511928,5.964,FALSE
7,5/18/2012,49.41,3.837,3225.22,NA,24.83,508.1,1897.92,197.5553137,8.09,FALSE
8,5/18/2012,64.16,3.63,7288.06,NA,24.25,585.14,4836.15,225.3002908,5.679,FALSE
9,5/18/2012,69.52,3.63,1926.92,NA,0.24,426.51,2968.78,225.4942498,5.539,FALSE
10,5/18/2012,85.19,4.308,9630.62,NA,9.46,972.85,2986.24,131.0983226,7.382,FALSE
11,5/18/2012,72.53,3.63,4622.9,NA,9.22,479.55,4109.33,225.2512024,6.664,FALSE
12,5/18/2012,84.51,4.11,20882.5,NA,3.73,9506.75,2091.67,131.0983226,11.627,FALSE
13,5/18/2012,65.17,3.808,7623.14,NA,86.99,2583.46,3312.67,131.0983226,5.965,FALSE
14,5/18/2012,66.3,3.848,8818.97,NA,8.88,1297.39,3330.23,190.9964479,8.567,FALSE
15,5/18/2012,58.84,4.029,5226.88,NA,8.93,546.11,1281.16,138.1065806,8.15,FALSE
16,5/18/2012,56.74,3.837,5303.48,NA,96.9,765.65,2341.97,197.5553137,6.169,FALSE
17,5/18/2012,59.67,3.808,3847.57,NA,92.93,1216.19,2403,131.0983226,6.235,FALSE
18,5/18/2012,62.31,3.899,9525.2,NA,70.23,868.98,2396.74,138.1065806,8.304,FALSE
19,5/18/2012,58.81,4.029,12613.98,NA,11.5,1705.28,3600.79,138.1065806,8.15,FALSE
20,5/18/2012,60.99,3.848,8077.14,512,5.13,2746.24,3677.78,214.5485571,7.139,FALSE
21,5/18/2012,72.42,3.63,4088.63,NA,28.62,1397.46,2772.05,221.380331,6.891,FALSE
22,5/18/2012,61.9,3.899,10611.25,NA,51.9,1482.63,2464.02,142.0970115,7.671,FALSE
23,5/18/2012,58.42,3.899,9364.2,NA,104.01,516.81,1374.13,138.1065806,4.125,FALSE
24,5/18/2012,63.1,4.029,5955.53,NA,187,1529.05,4424.94,138.1065806,8.983,FALSE
25,5/18/2012,58.21,3.848,7191.69,NA,1.7,640.51,1793.42,214.5485571,7.139,FALSE
26,5/18/2012,52.55,3.899,6622.21,NA,45.9,550.47,2648.76,138.1065806,7.489,FALSE
27,5/18/2012,65.15,4.029,13340.68,NA,222.2,2225.5,2346.31,142.0970115,8.253,FALSE
28,5/18/2012,84.51,4.11,5282.21,NA,1.23,1188.92,5422.89,131.0983226,11.627,FALSE
29,5/18/2012,61.9,3.899,3018.19,NA,76.29,661.56,597.94,138.1065806,9.14,FALSE
30,5/18/2012,72.42,3.63,57.13,NA,NA,NA,857.91,221.380331,6.891,FALSE
31,5/18/2012,72.42,3.63,8569.82,NA,47.39,719.88,17903.64,221.380331,6.891,FALSE
32,5/18/2012,57.46,3.837,8887.75,NA,226.17,1135.59,2831.5,197.5553137,8.09,FALSE
33,5/18/2012,89.81,4.308,103.81,NA,NA,NA,2161.91,131.0983226,7.396,FALSE
34,5/18/2012,64.97,3.62,2328.53,NA,2.43,1042.41,2111.41,131.0983226,9.575,FALSE
35,5/18/2012,65.15,3.848,8475.44,NA,2.87,2133.81,2904.46,142.0970115,8.876,FALSE
36,5/18/2012,73.7,3.713,367.23,NA,NA,NA,1704.18,220.4252149,6.989,FALSE
37,5/18/2012,73.7,3.63,391.4,NA,NA,NA,1697.98,220.4252149,6.989,FALSE
38,5/18/2012,84.51,4.11,219.38,NA,NA,NA,1472.86,131.0983226,11.627,FALSE
39,5/18/2012,72.36,3.63,6962.99,NA,7,2166.87,18547.03,220.4252149,6.989,FALSE
40,5/18/2012,57.59,3.899,4534.3,NA,103.83,735.81,2388.29,138.1065806,4.125,FALSE
41,5/18/2012,55.24,3.837,6415.86,NA,179.28,998.25,2976.99,197.5553137,6.547,FALSE
42,5/18/2012,85.19,4.308,354.41,NA,NA,NA,1393.17,131.0983226,7.382,FALSE
43,5/18/2012,72.06,3.63,939.16,NA,NA,NA,1477.98,213.1753618,9.575,FALSE
44,5/18/2012,65.17,3.808,777.37,NA,NA,NA,1118.23,131.0983226,5.621,FALSE
45,5/18/2012,66.3,3.848,6813.74,NA,13.86,936.49,2941.55,190.9964479,8.567,FALSE
3,5/25/2012,78.58,3.561,3032.03,NA,291.17,536.82,580.87,225.2515168,6.664,FALSE
4,5/25/2012,77.47,3.551,4330.02,436,862.31,3268.41,3749.53,131.0287742,4.308,FALSE
5,5/25/2012,78.23,3.561,3784.86,NA,431.99,225.2,2239.68,222.3323853,5.801,FALSE
6,5/25/2012,78.47,3.561,7694.17,NA,945.23,1331.9,4852.27,223.3525662,5.964,FALSE
7,5/25/2012,50.6,3.804,5126.54,NA,90.05,483.27,2236.31,197.5886046,8.09,FALSE
8,5/25/2012,76.11,3.561,2989.94,NA,651.09,1056.01,10189.75,225.3005779,5.679,FALSE
9,5/25/2012,79.69,3.561,1574.27,NA,361.83,81.12,5286.38,225.4944288,5.539,FALSE
10,5/25/2012,86.03,4.127,7786.58,NA,712.2,1701.28,3214.55,131.0287742,7.382,FALSE
11,5/25/2012,78.44,3.561,15143.06,NA,984.13,2938.13,5495.44,225.2515168,6.664,FALSE
12,5/25/2012,83.84,4.293,8220.32,NA,373.92,2185.46,1825.94,131.0287742,11.627,FALSE
13,5/25/2012,62.39,3.801,7282.07,NA,416.15,1048.83,7293.87,131.0287742,5.965,FALSE
14,5/25/2012,67.21,3.798,11421.79,NA,634.52,1071.25,3204.72,191.0028096,8.567,FALSE
15,5/25/2012,67.97,3.979,6258.04,NA,482.11,928.64,1315.99,138.1101935,8.15,FALSE
16,5/25/2012,57.36,3.804,990.24,NA,123.98,321.46,1405.5,197.5886046,6.169,FALSE
17,5/25/2012,55.69,3.801,5528.92,NA,71.81,595.85,2754.3,131.0287742,6.235,FALSE
18,5/25/2012,65.48,3.85,12179.37,NA,251.38,2595.31,1605.36,138.1101935,8.304,FALSE
19,5/25/2012,67.79,3.979,10665.28,NA,1095.85,1053.96,2647.45,138.1101935,8.15,FALSE
20,5/25/2012,70.04,3.798,11548.3,NA,1042.6,1554.19,3450.52,214.5499425,7.139,FALSE
21,5/25/2012,79.49,3.561,7790.27,NA,508.5,1575.99,4490.59,221.3828029,6.891,FALSE
22,5/25/2012,62.39,3.85,9329.34,NA,309.12,1369.3,2638.03,142.1032776,7.671,FALSE
23,5/25/2012,66.43,3.85,7101.14,NA,246.45,1017.09,2752.95,138.1101935,4.125,FALSE
24,5/25/2012,65.79,3.979,15776.58,NA,624.13,3992.12,3763.4,138.1101935,8.983,FALSE
25,5/25/2012,67.69,3.798,5154.82,NA,391.45,1581.91,2164.96,214.5499425,7.139,FALSE
26,5/25/2012,58.2,3.85,7166.44,NA,240.75,1942.28,2272.3,138.1101935,7.489,FALSE
27,5/25/2012,64.77,3.979,11465.8,NA,380.15,2173.31,4183.07,142.1032776,8.253,FALSE
28,5/25/2012,83.84,4.293,7557.62,NA,609,1574.85,7620.93,131.0287742,11.627,FALSE
29,5/25/2012,62.39,3.85,7467.41,NA,290.33,309.68,2750.24,138.1101935,9.14,FALSE
30,5/25/2012,79.49,3.561,175.64,NA,NA,NA,2534.54,221.3828029,6.891,FALSE
31,5/25/2012,79.49,3.561,12146.84,NA,488.13,2066.74,5802.72,221.3828029,6.891,FALSE
32,5/25/2012,59.74,3.804,7581.03,NA,216.17,748.97,3014.25,197.5886046,8.09,FALSE
33,5/25/2012,88.89,4.127,320.93,NA,NA,NA,4038.58,131.0287742,7.396,FALSE
34,5/25/2012,72.42,3.551,4031.31,43,146.38,1114.59,2174.14,131.0287742,9.575,FALSE
35,5/25/2012,64.77,3.798,8708.2,NA,296.24,1676.8,2399.15,142.1032776,8.876,FALSE
36,5/25/2012,78.94,3.636,517.28,NA,NA,0.92,1767.58,220.4287124,6.989,FALSE
37,5/25/2012,78.94,3.561,NA,NA,NA,NA,706.18,220.4287124,6.989,FALSE
38,5/25/2012,83.84,4.293,452.9,NA,0.5,NA,1668.88,131.0287742,11.627,FALSE
39,5/25/2012,78.31,3.561,10926.02,NA,967.95,1983.54,6579.15,220.4287124,6.989,FALSE
40,5/25/2012,65.25,3.85,8089.78,NA,303.31,1092.35,2448.8,138.1101935,4.125,FALSE
41,5/25/2012,54.89,3.804,8215.27,NA,277.14,1198.25,2444.61,197.5886046,6.547,FALSE
42,5/25/2012,86.03,4.127,63.93,NA,0.9,NA,1169.65,131.0287742,7.382,FALSE
43,5/25/2012,82.41,3.561,566.81,NA,1.1,NA,875.91,213.1736682,9.575,FALSE
44,5/25/2012,62.39,3.801,63.04,NA,NA,NA,419.93,131.0287742,5.621,FALSE
45,5/25/2012,67.21,3.798,5370.39,NA,361.22,1287.62,2461.81,191.0028096,8.567,FALSE
3,6/01/2012,81.55,3.501,2664.55,10,220.03,618.49,1940.77,225.2518313,6.664,FALSE
4,6/01/2012,77.41,3.483,10165.22,8.6,47.93,2676.33,4896.34,130.9592258,4.308,FALSE
5,6/01/2012,79.72,3.501,2840.78,NA,41.58,393.41,2114,222.3343277,5.801,FALSE
6,6/01/2012,80.39,3.501,8267.68,16,441.83,1904.81,3517.55,223.3539397,5.964,FALSE
7,6/01/2012,55.06,3.764,2427.12,NA,98.67,1349.72,2112.74,197.6218954,8.09,FALSE
8,6/01/2012,78.31,3.501,11578.32,41.6,58.17,1319.45,2044.72,225.300865,5.679,FALSE
9,6/01/2012,80.26,3.501,2542.14,35.6,76.8,374.37,3413.57,225.4946078,5.539,FALSE
10,6/01/2012,80.06,4.277,11614.41,NA,172.39,2945.55,1528.02,130.9592258,7.382,FALSE
11,6/01/2012,81.67,3.501,8172.36,79.6,126.72,1785.38,4232.48,225.2518313,6.664,FALSE
12,6/01/2012,78.11,4.277,7512.07,NA,43.71,3666.37,4109.01,130.9592258,11.627,FALSE
13,6/01/2012,61.11,3.788,8868.86,123,37.87,3793.73,6276.31,130.9592258,5.965,FALSE
14,6/01/2012,74.48,3.742,7765.54,11,185.64,2473.3,2603.92,191.0091712,8.567,FALSE
15,6/01/2012,67.61,3.915,3762,22.8,41.98,1170.77,2160.94,138.1138065,8.15,FALSE
16,6/01/2012,58.97,3.764,4078.25,22.4,60.41,98.46,968.96,197.6218954,6.169,FALSE
17,6/01/2012,54.13,3.788,3996.22,25,31.8,1667.66,881.3,130.9592258,6.235,FALSE
18,6/01/2012,71.42,3.798,13525.26,1.2,36.26,1889.92,1629.62,138.1138065,8.304,FALSE
19,6/01/2012,68.18,3.915,8247.79,36.2,100.6,2171.48,4578.85,138.1138065,8.15,FALSE
20,6/01/2012,73.67,3.742,12240.61,17.4,82.98,3560.21,3373.36,214.5513278,7.139,FALSE
21,6/01/2012,79.24,3.501,11678.88,NA,60.71,3660.14,3630.08,221.3852748,6.891,FALSE
22,6/01/2012,70.01,3.798,16432.28,7.6,73.36,3723.8,3331.57,142.1095438,7.671,FALSE
23,6/01/2012,66.22,3.798,4238.85,92.2,61.64,1401.23,2312.38,138.1138065,4.125,FALSE
24,6/01/2012,71.79,3.915,5320.71,42.2,204.43,883.54,2374.74,138.1138065,8.983,FALSE
25,6/01/2012,69.54,3.742,6667.97,38.4,40.85,544.94,2765.31,214.5513278,7.139,FALSE
26,6/01/2012,58.51,3.798,4810.9,3,110.44,662.3,2964.12,138.1138065,7.489,FALSE
27,6/01/2012,73.4,3.915,10283.49,31.2,245.41,4069.79,2775.35,142.1095438,8.253,FALSE
28,6/01/2012,78.11,4.277,15488.5,NA,72,3872.89,5319.68,130.9592258,11.627,FALSE
29,6/01/2012,70.01,3.798,8940.48,NA,63.86,885.58,2768.33,138.1138065,9.14,FALSE
30,6/01/2012,79.24,3.501,553.39,NA,NA,NA,7048.24,221.3852748,6.891,FALSE
31,6/01/2012,79.24,3.501,10969.38,NA,378.31,2706.46,3236.46,221.3852748,6.891,FALSE
32,6/01/2012,62.84,3.764,8570.33,55,181.13,669.55,2634.77,197.6218954,8.09,FALSE
33,6/01/2012,83.57,4.277,1603.57,NA,NA,NA,867.15,130.9592258,7.396,FALSE
34,6/01/2012,70.41,3.483,10054.19,NA,128.85,87.9,5049.13,130.9592258,9.575,FALSE
35,6/01/2012,73.4,3.742,12469.08,NA,9.66,3040.28,5859.48,142.1095438,8.876,FALSE
36,6/01/2012,80.74,3.567,187.88,NA,NA,4.02,1674.5,220.4322099,6.989,FALSE
37,6/01/2012,80.74,3.501,57.81,NA,NA,NA,1268.73,220.4322099,6.989,FALSE
38,6/01/2012,78.11,4.277,65.36,NA,0.6,NA,886.6,130.9592258,11.627,FALSE
39,6/01/2012,80.33,3.501,8200.12,5.8,64.71,1772.73,9316.5,220.4322099,6.989,FALSE
40,6/01/2012,64.75,3.798,4641.39,30.6,50.93,420.22,1627.19,138.1138065,4.125,FALSE
41,6/01/2012,57.29,3.764,9160.25,-2,127.56,1850.68,2652.68,197.6218954,6.547,FALSE
42,6/01/2012,80.06,4.277,609.75,NA,1.1,43.67,726.34,130.9592258,7.382,FALSE
43,6/01/2012,80.89,3.501,290.87,NA,0.8,NA,725.1,213.1719747,9.575,FALSE
44,6/01/2012,61.11,3.788,375.61,NA,NA,NA,686.9,130.9592258,5.621,FALSE
45,6/01/2012,74.48,3.742,10643.62,48.2,201.56,2599.35,1856.97,191.0091712,8.567,FALSE
3,6/08/2012,81.65,3.452,5770.48,28.6,30.18,283.7,2093.48,225.2521458,6.664,FALSE
4,6/08/2012,78.11,3.433,7429.46,249.8,7.86,4235.27,9690.55,130.8896774,4.308,FALSE
5,6/08/2012,81.02,3.452,4488.47,NA,0.24,231.16,1246.89,222.33627,5.801,FALSE
6,6/08/2012,80.5,3.452,11150.2,188.6,63.7,859.54,6294.81,223.3553131,5.964,FALSE
7,6/08/2012,63.07,3.741,3729.69,76.6,0.12,444.64,3495.06,197.6551863,8.09,FALSE
8,6/08/2012,74.28,3.452,8721.82,252.8,30.45,679.89,5160.31,225.3011521,5.679,FALSE
9,6/08/2012,78.91,3.452,3564.15,142.2,0.3,81.26,5518.29,225.4947868,5.539,FALSE
10,6/08/2012,86.87,4.103,7184.69,31,338.26,637.39,5399.57,130.8896774,7.382,FALSE
11,6/08/2012,82.1,3.452,11984.13,191.4,78.65,2768.31,6358.77,225.2521458,6.664,FALSE
12,6/08/2012,84.83,4.103,10421.58,93.2,160.4,2385.69,4837.21,130.8896774,11.627,FALSE
13,6/08/2012,68.4,3.776,12461.96,406.6,254.19,1450.62,8952.93,130.8896774,5.965,FALSE
14,6/08/2012,64.3,3.689,4636.1,570.2,172.7,1103.04,8024.53,191.0155329,8.567,FALSE
15,6/08/2012,59.35,3.871,4658.21,269,0.19,399.04,3998.9,138.1174194,8.15,FALSE
16,6/08/2012,65.43,3.741,3644.68,37.2,63.9,611.78,5520.95,197.6551863,6.169,FALSE
17,6/08/2012,60.51,3.776,6233.58,140.2,328.34,763.88,4501.73,130.8896774,6.235,FALSE
18,6/08/2012,59.1,3.746,9422.6,218,32.42,427.69,6113.61,138.1174194,8.304,FALSE
19,6/08/2012,60.19,3.871,10625.25,292.4,51.96,2760.12,6219.56,138.1174194,8.15,FALSE
20,6/08/2012,62.01,3.689,8353.32,516.6,46.76,2073.77,7774.31,214.5527132,7.139,FALSE
21,6/08/2012,79.47,3.452,7055.91,10.8,93.05,751.89,4570.78,221.3877467,6.891,FALSE
22,6/08/2012,61.71,3.746,18261.32,142.4,19.79,3041.13,4316.44,142.1158099,7.671,FALSE
23,6/08/2012,56.82,3.746,7565.4,503.4,220.02,2581.42,6208.43,138.1174194,4.125,FALSE
24,6/08/2012,59.93,3.871,15742.14,250.6,35.76,3050.95,7604.47,138.1174194,8.983,FALSE
25,6/08/2012,58.48,3.689,9024.73,207.4,64.04,2897.69,4748.56,214.5527132,7.139,FALSE
26,6/08/2012,49.43,3.746,7908.98,54.6,16.57,689.29,4172.84,138.1174194,7.489,FALSE
27,6/08/2012,64.05,3.871,12921.09,414.6,95.99,1666.88,7819.11,142.1158099,8.253,FALSE
28,6/08/2012,84.83,4.103,9026.85,101.2,-29.1,833.67,11752.37,130.8896774,11.627,FALSE
29,6/08/2012,61.71,3.746,5777.3,117.2,23.9,440.62,3946.59,138.1174194,9.14,FALSE
30,6/08/2012,79.47,3.452,359.6,NA,3.75,NA,3721.71,221.3877467,6.891,FALSE
31,6/08/2012,79.47,3.452,6401.42,NA,1.01,744.86,7363.36,221.3877467,6.891,FALSE
32,6/08/2012,71.14,3.741,8483.84,361.8,77.99,1640,6841.59,197.6551863,8.09,FALSE
33,6/08/2012,90.94,4.103,499.25,NA,NA,NA,959.13,130.8896774,7.396,FALSE
34,6/08/2012,75.35,3.433,6967.19,85.4,0.37,1251.49,10377.32,130.8896774,9.575,FALSE
35,6/08/2012,64.05,3.689,6984.56,44,287.97,851.39,5482.29,142.1158099,8.876,FALSE
36,6/08/2012,81.5,3.513,226.87,NA,NA,5,597.68,220.4357073,6.989,FALSE
37,6/08/2012,81.5,3.452,349.22,NA,14.4,NA,769.34,220.4357073,6.989,FALSE
38,6/08/2012,84.83,4.103,491.31,NA,11.8,NA,1999.19,130.8896774,11.627,FALSE
39,6/08/2012,81.12,3.452,9356.4,351.8,0.24,1857.12,11870.68,220.4357073,6.989,FALSE
40,6/08/2012,55.78,3.746,7338.72,324.8,44.64,2067.65,7482.97,138.1174194,4.125,FALSE
41,6/08/2012,65.11,3.741,10245.25,527.4,78.07,749.73,5117.87,197.6551863,6.547,FALSE
42,6/08/2012,86.87,4.103,349.94,NA,16.64,NA,1272.21,130.8896774,7.382,FALSE
43,6/08/2012,85.73,3.452,446.4,NA,3.96,NA,1732.71,213.1702811,9.575,FALSE
44,6/08/2012,68.4,3.776,276.3,NA,31.29,NA,1225.27,130.8896774,5.621,FALSE
45,6/08/2012,64.3,3.689,8429.61,148.6,76.15,1465.54,7180.97,191.0155329,8.567,FALSE
3,6/15/2012,84.66,3.393,2014.47,31.8,1,631.17,835.34,225.2644795,6.664,FALSE
4,6/15/2012,80.94,3.372,16063.84,84,0.22,2105.39,6113.16,130.8295333,4.308,FALSE
5,6/15/2012,81.64,3.393,1911.02,0.95,0.04,570.11,1828.62,222.3492901,5.801,FALSE
6,6/15/2012,82.1,3.393,7041.68,276.35,350.16,3373.11,5325.58,223.3680933,5.964,FALSE
7,6/15/2012,59.33,3.723,16717.38,119.4,0.65,677.29,1144.07,197.692292,8.09,FALSE
8,6/15/2012,77.14,3.393,8583.02,265.7,151.05,1184.4,5675.58,225.3134743,5.679,FALSE
9,6/15/2012,82.21,3.393,3296.23,176.4,50.03,780.78,4209.82,225.5070634,5.539,FALSE
10,6/15/2012,88.58,4.144,6017.71,18.8,41.99,2052.91,4250.19,130.8295333,7.382,FALSE
11,6/15/2012,84.97,3.393,7018,247.6,0.15,2876.5,4951.58,225.2644795,6.664,FALSE
12,6/15/2012,85.94,4.144,15025.58,33.4,2.51,4573.57,2283.27,130.8295333,11.627,FALSE
13,6/15/2012,65.97,3.756,8819.8,416.5,0.22,3496.08,6331.52,130.8295333,5.965,FALSE
14,6/15/2012,71.93,3.62,10737.66,423.4,5.06,1904.52,3823.07,191.0299731,8.567,FALSE
15,6/15/2012,67.7,3.786,3453.42,478.6,0.01,404.11,3862.9,138.1295333,8.15,FALSE
16,6/15/2012,65.36,3.723,7027.33,141.8,125.91,642.76,1980.96,197.692292,6.169,FALSE
17,6/15/2012,56.67,3.756,6069.6,147,0.18,1949.47,1373.68,130.8295333,6.235,FALSE
18,6/15/2012,66.58,3.683,6285.43,296.4,0.44,3224.15,2870.91,138.1295333,8.304,FALSE
19,6/15/2012,68.19,3.786,9987.83,697,0.05,2837.84,4710.66,138.1295333,8.15,FALSE
20,6/15/2012,71.51,3.62,9584.57,657.4,3.99,3667.7,5230.22,214.5653243,7.139,FALSE
21,6/15/2012,81.51,3.393,6177.81,61.6,0.75,2970.97,3281.16,221.4009901,6.891,FALSE
22,6/15/2012,66.56,3.683,9564.7,193.9,9.06,3070.27,2588.53,142.1292548,7.671,FALSE
23,6/15/2012,64.73,3.683,4810.62,442.3,41.03,1361.6,2213.38,138.1295333,4.125,FALSE
24,6/15/2012,68.28,3.786,11618.99,217.9,9.33,2449.86,5633.09,138.1295333,8.983,FALSE
25,6/15/2012,68.34,3.62,5987.75,147.2,100.04,1735.9,3500.18,214.5653243,7.139,FALSE
26,6/15/2012,57.84,3.683,5833.29,153.8,254.03,851.83,3785.07,138.1295333,7.489,FALSE
27,6/15/2012,69.52,3.786,9943.48,614.9,15,3382.44,6779.57,142.1292548,8.253,FALSE
28,6/15/2012,85.94,4.144,8619.75,101,363.96,2244.26,6524.51,130.8295333,11.627,FALSE
29,6/15/2012,66.56,3.683,3861.04,306.6,7.02,89.54,1180.28,138.1295333,9.14,FALSE
30,6/15/2012,81.51,3.393,370.16,NA,3.01,10.16,1042.83,221.4009901,6.891,FALSE
31,6/15/2012,81.51,3.393,7348.68,NA,2.85,2541.21,5428.08,221.4009901,6.891,FALSE
32,6/15/2012,70.91,3.723,4642.56,414.3,0.01,989.08,4381.8,197.692292,8.09,FALSE
33,6/15/2012,92.44,4.144,1655.11,NA,NA,NA,1079.36,130.8295333,7.396,FALSE
34,6/15/2012,76.48,3.372,5809.23,32.4,400.09,924.94,3054.63,130.8295333,9.575,FALSE
35,6/15/2012,69.52,3.62,4983.83,6.8,1.04,2545.67,1991.41,142.1292548,8.876,FALSE
36,6/15/2012,82.15,3.407,945.96,NA,NA,NA,2709.66,220.4494148,6.989,FALSE
37,6/15/2012,82.15,3.393,255.38,NA,4.51,NA,3027.4,220.4494148,6.989,FALSE
38,6/15/2012,85.94,4.144,635.42,NA,0.13,NA,1800.18,130.8295333,11.627,FALSE
39,6/15/2012,81.33,3.393,8270.46,76.4,0.06,3324.17,25107.85,220.4494148,6.989,FALSE
40,6/15/2012,63.39,3.683,5288.06,244.82,42.74,1165.96,3695.1,138.1295333,4.125,FALSE
41,6/15/2012,64.92,3.723,6926.97,599,5.66,3396.74,4290.96,197.692292,6.547,FALSE
42,6/15/2012,88.58,4.144,499.78,NA,2.17,NA,1187.29,130.8295333,7.382,FALSE
43,6/15/2012,87.75,3.393,402.48,NA,0.65,NA,1315.66,213.1786952,9.575,FALSE
44,6/15/2012,65.97,3.756,3297.48,NA,9.88,23.04,993.88,130.8295333,5.621,FALSE
45,6/15/2012,71.93,3.62,8148.19,252.7,90.05,1226.11,2942.39,191.0299731,8.567,FALSE
3,6/22/2012,82.7,3.346,1843.45,11.2,0.51,421.71,1743.54,225.3068615,6.664,FALSE
4,6/22/2012,81.63,3.329,6619.2,351.22,3.48,5390.02,10920.89,130.7929,4.308,FALSE
5,6/22/2012,80.57,3.346,2046.93,8.8,NA,677.36,2762.83,222.3900046,5.801,FALSE
6,6/22/2012,81.2,3.346,7253.03,312.35,160.51,3024.57,6806.11,223.4093906,5.964,FALSE
7,6/22/2012,63.69,3.735,12407.71,352.1,0.09,1239.04,1533.86,197.7389345,8.09,FALSE
8,6/22/2012,78.85,3.346,5146.44,124.95,2.97,1409.95,3956.16,225.3558843,5.679,FALSE
9,6/22/2012,81.05,3.346,2886.26,3.8,NA,1270.8,4545.91,225.5495841,5.539,FALSE
10,6/22/2012,89.92,4.014,7684.55,12.6,1.17,3375.65,7210.53,130.7929,7.382,FALSE
11,6/22/2012,83.26,3.346,8329.88,278.6,1.98,1726.99,6103.42,225.3068615,6.664,FALSE
12,6/22/2012,91.61,4.014,10233.14,67.6,3.65,4693.44,3618.64,130.7929,11.627,FALSE
13,6/22/2012,72.89,3.737,9298.46,565.14,1.79,4025.82,8626.51,130.7929,5.965,FALSE
14,6/22/2012,74.22,3.564,10291.35,317,4.3,3292.07,6115.51,191.0646096,8.567,FALSE
15,6/22/2012,74.28,3.722,3816.09,1314,NA,667.31,2567,138.1629,8.15,FALSE
16,6/22/2012,70.41,3.735,1291.33,201,0.27,696.47,1682.13,197.7389345,6.169,FALSE
17,6/22/2012,62.9,3.737,3500.33,466.98,NA,1789.53,2980.58,130.7929,6.235,FALSE
18,6/22/2012,70.92,3.629,8206.82,478.09,1.37,3726.43,4323.55,138.1629,8.304,FALSE
19,6/22/2012,75.83,3.722,10418.79,1232.8,0.51,2971.07,12187.35,138.1629,8.15,FALSE
20,6/22/2012,76.51,3.564,12173.74,875.7,2.36,4195.01,7516.62,214.606,7.139,FALSE
21,6/22/2012,81.78,3.346,7545.68,79.95,0.51,3498.46,7223.83,221.4411622,6.891,FALSE
22,6/22/2012,70.61,3.629,8154.53,387.4,NA,2396.96,3938.83,142.1606464,7.671,FALSE
23,6/22/2012,71.82,3.629,5810.83,658.1,8.28,2064.37,5454.93,138.1629,4.125,FALSE
24,6/22/2012,72.29,3.722,8790.16,749.1,30.57,4434.39,7308.24,138.1629,8.983,FALSE
25,6/22/2012,73.52,3.564,9127.63,467.6,30.29,3543.14,5417.88,214.606,7.139,FALSE
26,6/22/2012,63.04,3.629,5543.88,372,103.99,1901.89,6556.54,138.1629,7.489,FALSE
27,6/22/2012,73.23,3.722,9510.17,821.5,7.98,3928.13,6054.38,142.1606464,8.253,FALSE
28,6/22/2012,91.61,4.014,10280.97,18.4,1.12,3663.41,6659.58,130.7929,11.627,FALSE
29,6/22/2012,70.61,3.629,4524.86,492.8,0.99,1745.53,2589.37,138.1629,9.14,FALSE
30,6/22/2012,81.78,3.346,292.53,NA,NA,NA,3749.16,221.4411622,6.891,FALSE
31,6/22/2012,81.78,3.346,6139.82,26,4.33,3613.14,8954,221.4411622,6.891,FALSE
32,6/22/2012,74.85,3.735,7803.3,609.25,3.05,4800.5,15323.92,197.7389345,8.09,FALSE
33,6/22/2012,95.75,4.014,213.64,NA,NA,NA,2346.53,130.7929,7.396,FALSE
34,6/22/2012,78.85,3.329,4673,169,NA,1561.36,4524.99,130.7929,9.575,FALSE
35,6/22/2012,73.23,3.564,5984,32.8,0.57,528.54,2636.77,142.1606464,8.876,FALSE
36,6/22/2012,80.4,3.358,318.51,NA,NA,NA,1805.33,220.4886472,6.989,FALSE
37,6/22/2012,80.4,3.346,277.33,NA,NA,NA,1269.26,220.4886472,6.989,FALSE
38,6/22/2012,91.61,4.014,576,NA,NA,NA,2241.95,130.7929,11.627,FALSE
39,6/22/2012,79.84,3.346,7354.18,244,0.99,2788.54,53212.72,220.4886472,6.989,FALSE
40,6/22/2012,69.32,3.629,5015.3,438,4.72,2018.54,7972.99,138.1629,4.125,FALSE
41,6/22/2012,66.88,3.735,6390.33,753.88,8.58,3431.59,4741.92,197.7389345,6.547,FALSE
42,6/22/2012,89.92,4.014,44.66,NA,NA,NA,1338.53,130.7929,7.382,FALSE
43,6/22/2012,87.51,3.346,184.26,NA,3.2,NA,1298.9,213.2123786,9.575,FALSE
44,6/22/2012,72.89,3.737,505.28,NA,0.79,43.89,1222.4,130.7929,5.621,FALSE
45,6/22/2012,74.22,3.564,5565.31,222.5,1.16,2149.76,7474.76,191.0646096,8.567,FALSE
3,6/29/2012,86.42,3.286,2297.32,8,NA,395.28,1182.52,225.3492435,6.664,FALSE
4,6/29/2012,84.23,3.257,3756.11,211.6,NA,2114.26,6371.15,130.7562667,4.308,FALSE
5,6/29/2012,87.08,3.286,1053.25,12.75,NA,113.8,1300.11,222.4307191,5.801,FALSE
6,6/29/2012,87.35,3.286,3997.4,231.9,NA,262.44,4182.9,223.4506878,5.964,FALSE
7,6/29/2012,68.84,3.693,1246.74,425.6,NA,42,1200.17,197.785577,8.09,FALSE
8,6/29/2012,84.47,3.286,8467.23,199.75,NA,492.34,5529.08,225.3982943,5.679,FALSE
9,6/29/2012,87.18,3.286,2073.16,120,NA,31.75,2792.7,225.5921049,5.539,FALSE
10,6/29/2012,91.36,3.875,3339.88,22,NA,1119.45,3710.52,130.7562667,7.382,FALSE
11,6/29/2012,87.86,3.286,4430.73,219.8,NA,1799.43,6504.38,225.3492435,6.664,FALSE
12,6/29/2012,90.47,3.875,7439.99,47.6,NA,1330.36,4873.87,130.7562667,11.627,FALSE
13,6/29/2012,82,3.681,4768.5,446.92,NA,743.34,4076.02,130.7562667,5.965,FALSE
14,6/29/2012,75.22,3.506,4575.3,211.7,NA,304.94,2686.11,191.0992462,8.567,FALSE
15,6/29/2012,68.91,3.667,3076.48,589.4,NA,1770.01,2113.3,138.1962667,8.15,FALSE
16,6/29/2012,77.31,3.693,731.74,107.4,NA,455.32,1375.35,197.785577,6.169,FALSE
17,6/29/2012,71.14,3.681,2895.23,281.3,NA,357.75,1195.05,130.7562667,6.235,FALSE
18,6/29/2012,70.17,3.577,4281.61,262.88,NA,829.99,2102.06,138.1962667,8.304,FALSE
19,6/29/2012,69.92,3.667,11993.32,535.4,NA,3736.21,3432.8,138.1962667,8.15,FALSE
20,6/29/2012,74.15,3.506,6569.4,605.7,NA,561.31,4567.03,214.6466757,7.139,FALSE
21,6/29/2012,88.05,3.286,5130.81,38.3,NA,1849.32,3879.62,221.4813343,6.891,FALSE
22,6/29/2012,70.99,3.577,3297.53,345.5,NA,339.38,2257.49,142.1920381,7.671,FALSE
23,6/29/2012,64.23,3.577,2621.06,199.8,NA,343.88,1888.97,138.1962667,4.125,FALSE
24,6/29/2012,70.4,3.667,5708.44,329.3,NA,1310.41,4292.22,138.1962667,8.983,FALSE
25,6/29/2012,69.84,3.506,3374.98,537.8,NA,712.78,1992.95,214.6466757,7.139,FALSE
26,6/29/2012,60.71,3.577,3441.05,274,NA,256.82,2456.02,138.1962667,7.489,FALSE
27,6/29/2012,73.94,3.667,7582.01,585.9,NA,1019.28,3522.11,142.1920381,8.253,FALSE
